							Gas			amount	Ammonia (effluent)		VFAs (effluent)																					fermenter characteristics			Nutrient degradation (feed residues)						
run	day	treatment	algae	dose	fermenter	heat pumpt	Tot_gas	CH4_p	CH4_ml	effluent	NH3N_L	NH3N_d	Acetate_L	Propionate_L	IsoButyrate_L	Butyrate_L	IsoValerate_L	Valerate_L	VFA_L	Acetate_d	Propionate_d	IsoButyrate_d	Butyrate_d	IsoValerate_d	Valerate_d	VFA_d	Acetate_Propionate	Acetate_p	Propionate_p	IsoButyrate_p	Butyrate_p	IsoValerate_p	Valerate_p	ph	redox	temp	DM	CP	CA	ADFom	NDFom	OM	OM_d
2	7	1	Control	0	b	1	1289.5	12.3	158.6	680.05	7.93	5.39	28.02	9.84	0.51	8.44	1.36	3.18	51.35	19.06	6.69	0.35	5.74	0.92	2.16	34.92	2.85	54.57	19.16	0.99	16.44	2.65	6.19	6.85	-255.1	38.5	41.5	39.17	54.31	14.84	21.9	40.68	5.77
2	8	1	Control	0	b	1	1486.5	13.65	202.9	671.45	7.93	5.32	28.02	9.84	0.51	8.44	1.36	3.18	51.35	18.81	6.61	0.34	5.67	0.91	2.14	34.48	2.85	54.57	19.16	0.99	16.44	2.65	6.19	6.83	-236.7	38.5	46.22	44.08	58	21.72	28.21	45.47	6.45
2	9	1	Control	0	b	1	1366.7	13.76	188.1	667.08	7.93	5.29	28.02	9.84	0.51	8.44	1.36	3.18	51.35	18.69	6.56	0.34	5.63	0.91	2.12	34.25	2.85	54.57	19.16	0.99	16.44	2.65	6.19	6.85	-226.9	38.2	46.63	44.51	58.33	22.32	28.76	45.89	6.51
2	10	1	Control	0	b	1	1269.3	13.89	176.3	663.27	7.93	5.26	28.02	9.84	0.51	8.44	1.36	3.18	51.35	18.58	6.53	0.34	5.6	0.9	2.11	34.06	2.85	54.57	19.16	0.99	16.44	2.65	6.19	6.88	-230.8	38.4	39.85	37.46	53.03	12.44	19.7	39.01	5.53
2	11	1	Control	0	b	1	1192.6	14.48	172.7	689.48	7.93	5.47	28.02	9.84	0.51	8.44	1.36	3.18	51.35	19.32	6.78	0.35	5.82	0.94	2.19	35.4	2.85	54.57	19.16	0.99	16.44	2.65	6.19	6.9	-223.3	38.9	38.65	36.21	52.09	10.69	18.1	37.79	5.36
2	12	1	Control	0	b	1	1535.4	16.36	251.2	701.18	7.93	5.56	28.02	9.84	0.51	8.44	1.36	3.18	51.35	19.65	6.9	0.36	5.92	0.95	2.23	36.01	2.85	54.57	19.16	0.99	16.44	2.65	6.19	6.88	-232.4	39.1	38.33	35.88	51.84	10.24	17.68	37.47	5.31
2	13	1	Control	0	b	1	1468.2	15.69	230.4	678.62	7.93	5.38	28.02	9.84	0.51	8.44	1.36	3.18	51.35	19.01	6.68	0.35	5.73	0.92	2.16	34.85	2.85	54.57	19.16	0.99	16.44	2.65	6.19	6.88	-233.5	38.4	.	.	.	.	.	.	.
1	7	1	Control	0	e	1	1247.2	13.77	171.7	564.44	7.67	4.33	26.86	8.89	0.6	13.13	2.24	4.79	56.51	15.16	5.02	0.34	7.41	1.26	2.7	31.9	3.02	47.53	15.73	1.06	23.23	3.96	8.48	6.77	-237	39.6	47.22	39.48	49.91	12.27	27.51	47.05	6.66
1	8	1	Control	0	e	1	.	.	.	650.87	7.67	4.99	26.86	8.89	0.6	13.13	2.24	4.79	56.51	17.48	5.79	0.39	8.55	1.46	3.12	36.78	3.02	47.53	15.73	1.06	23.23	3.96	8.48	6.81	-283.9	39.1	44.35	36.18	47.19	7.5	23.57	44.17	6.25
1	9	1	Control	0	e	1	1469.5	18.3	268.9	660.62	7.67	5.07	26.86	8.89	0.6	13.13	2.24	4.79	56.51	17.74	5.87	0.4	8.67	1.48	3.16	37.33	3.02	47.53	15.73	1.06	23.23	3.96	8.48	6.8	-222.7	39.1	45.32	37.29	48.1	9.11	24.9	45.14	6.39
1	10	1	Control	0	e	1	1461.6	18.56	271.3	653.32	7.67	5.01	26.86	8.89	0.6	13.13	2.24	4.79	56.51	17.55	5.81	0.39	8.58	1.46	3.13	36.92	3.02	47.53	15.73	1.06	23.23	3.96	8.48	6.81	-251.3	39.2	50.53	43.28	53.06	17.78	32.07	50.37	7.13
1	11	1	Control	0	e	1	1334	17.78	237.2	655.91	7.67	5.03	26.86	8.89	0.6	13.13	2.24	4.79	56.51	17.62	5.83	0.39	8.61	1.47	3.14	37.07	3.02	47.53	15.73	1.06	23.23	3.96	8.48	6.81	-221.8	39	45.12	37.07	47.92	8.78	24.63	44.94	6.36
1	12	1	Control	0	e	1	1289.2	19.72	254.2	672.63	7.67	5.16	26.86	8.89	0.6	13.13	2.24	4.79	56.51	18.07	5.98	0.4	8.83	1.51	3.22	38.01	3.02	47.53	15.73	1.06	23.23	3.96	8.48	6.85	-236.9	38.2	52.11	45.09	54.55	20.4	34.23	51.96	7.36
1	13	1	Control	0	e	1	1382	19.72	272.5	666.3	7.67	5.11	26.86	8.89	0.6	13.13	2.24	4.79	56.51	17.9	5.92	0.4	8.75	1.49	3.19	37.65	3.02	47.53	15.73	1.06	23.23	3.96	8.48	6.82	-250.9	39.2	.	.	.	.	.	.	.
2	7	1	Control	0	i	2	1181.8	15.02	177.5	665.65	8.08	5.38	32.59	12.08	0.53	8.09	1.66	3.4	58.35	21.69	8.04	0.35	5.39	1.1	2.26	38.84	2.7	55.85	20.7	0.91	13.86	2.84	5.83	6.82	-244.8	38.4	46.27	43.61	57.96	17.94	25.08	45.53	6.46
2	8	1	Control	0	i	2	1463.5	18.02	263.7	687.67	8.08	5.55	32.59	12.08	0.53	8.09	1.66	3.4	58.35	22.41	8.31	0.36	5.56	1.14	2.34	40.13	2.7	55.85	20.7	0.91	13.86	2.84	5.83	6.79	-243.8	38.3	41.83	38.95	54.48	11.15	18.88	41.02	5.82
2	9	1	Control	0	i	2	1206.8	18.83	227.2	672.97	8.08	5.43	32.59	12.08	0.53	8.09	1.66	3.4	58.35	21.93	8.13	0.36	5.44	1.12	2.29	39.27	2.7	55.85	20.7	0.91	13.86	2.84	5.83	6.81	-243.6	38.3	50.82	48.38	61.51	24.88	31.41	50.14	7.11
2	10	1	Control	0	i	2	1362.8	19.45	265.1	681.65	8.08	5.5	32.59	12.08	0.53	8.09	1.66	3.4	58.35	22.21	8.23	0.36	5.51	1.13	2.32	39.77	2.7	55.85	20.7	0.91	13.86	2.84	5.83	6.82	-238.3	38	41.29	38.38	54.05	10.32	18.12	40.48	5.74
2	11	1	Control	0	i	2	1295.4	19.82	256.7	672.75	8.08	5.43	32.59	12.08	0.53	8.09	1.66	3.4	58.35	21.92	8.13	0.36	5.44	1.12	2.29	39.25	2.7	55.85	20.7	0.91	13.86	2.84	5.83	6.86	-235.4	38.2	41.76	38.87	54.42	11.05	18.78	40.96	5.81
2	12	1	Control	0	i	2	1491.4	21.84	325.7	677.36	8.08	5.47	32.59	12.08	0.53	8.09	1.66	3.4	58.35	22.08	8.18	0.36	5.48	1.12	2.3	39.52	2.7	55.85	20.7	0.91	13.86	2.84	5.83	6.84	-243	38.6	40.9	37.97	53.75	9.73	17.58	40.08	5.68
2	13	1	Control	0	i	2	1360.3	19.5	265.3	671.06	8.08	5.42	32.59	12.08	0.53	8.09	1.66	3.4	58.35	21.87	8.11	0.36	5.43	1.11	2.28	39.16	2.7	55.85	20.7	0.91	13.86	2.84	5.83	6.87	-234	37.9	.	.	.	.	.	.	.
1	7	1	Control	0	j	2	.	.	.	579.19	9.21	5.34	29.9	10.24	0.7	16.22	2.97	6.32	66.35	17.32	5.93	0.41	9.39	1.72	3.66	38.43	2.92	45.06	15.43	1.06	24.45	4.48	9.53	6.81	-250.4	39	44.91	36.39	45.97	11.77	25.53	44.84	6.35
1	8	1	Control	0	j	2	1433.4	20.8	298.1	.	9.21	.	29.9	10.24	0.7	16.22	2.97	6.32	66.35	.	.	.	.	.	.	.	2.92	45.06	15.43	1.06	24.45	4.48	9.53	6.67	-257.6	39	46.8	38.57	47.82	14.8	28.09	46.73	6.62
1	9	1	Control	0	j	2	1758	18.09	318	.	9.21	.	29.9	10.24	0.7	16.22	2.97	6.32	66.35	.	.	.	.	.	.	.	2.92	45.06	15.43	1.06	24.45	4.48	9.53	6.5	-236.4	39	47.64	39.55	48.66	16.15	29.24	47.58	6.74
1	10	1	Control	0	j	2	1245	20.95	260.8	637.47	9.21	5.87	29.9	10.24	0.7	16.22	2.97	6.32	66.35	19.06	6.53	0.45	10.34	1.89	4.03	42.3	2.92	45.06	15.43	1.06	24.45	4.48	9.53	6.76	-250.4	39	48.53	40.58	49.53	17.57	30.43	48.47	6.87
1	11	1	Control	0	j	2	1209.1	20.29	245.3	654	9.21	6.02	29.9	10.24	0.7	16.22	2.97	6.32	66.35	19.55	6.7	0.46	10.61	1.94	4.13	43.39	2.92	45.06	15.43	1.06	24.45	4.48	9.53	6.84	-226.6	38.8	41.66	32.64	42.79	6.57	21.15	41.59	5.89
1	12	1	Control	0	j	2	1357.8	22.46	305	678.71	9.21	6.25	29.9	10.24	0.7	16.22	2.97	6.32	66.35	20.29	6.95	0.48	11.01	2.02	4.29	45.03	2.92	45.06	15.43	1.06	24.45	4.48	9.53	6.85	-227.8	38.4	46.86	38.64	47.88	14.89	28.17	46.79	6.63
1	13	1	Control	0	j	2	1695.1	24.54	416	643.13	9.21	5.92	29.9	10.24	0.7	16.22	2.97	6.32	66.35	19.23	6.59	0.45	10.43	1.91	4.06	42.67	2.92	45.06	15.43	1.06	24.45	4.48	9.53	6.81	-282.2	38.9	.	.	.	.	.	.	.
2	7	2	AN	2.5	c	1	1115.6	.	.	668.85	5.12	3.43	26.58	10.55	0.39	6.44	1	3.4	48.36	17.78	7.06	0.26	4.31	0.67	2.27	32.35	2.52	54.96	21.82	0.81	13.32	2.07	7.03	6.83	-239.7	35.4	40.02	31.72	52.4	14.14	21.71	39.15	5.52
2	8	2	AN	2.5	c	1	1285.2	12.66	162.7	684.72	5.12	3.51	26.58	10.55	0.39	6.44	1	3.4	48.36	18.2	7.22	0.27	4.41	0.68	2.33	33.11	2.52	54.96	21.82	0.81	13.32	2.07	7.03	6.85	-234.7	38.1	40.25	31.98	52.58	14.47	22.01	39.38	5.56
2	9	2	AN	2.5	c	1	1394.1	14.13	197	680.7	5.12	3.49	26.58	10.55	0.39	6.44	1	3.4	48.36	18.09	7.18	0.27	4.38	0.68	2.31	32.92	2.52	54.96	21.82	0.81	13.32	2.07	7.03	6.84	-237.7	38.3	39.57	31.21	52.05	13.5	21.13	38.7	5.46
2	10	2	AN	2.5	c	1	1140.8	13.6	155.1	682.77	5.12	3.5	26.58	10.55	0.39	6.44	1	3.4	48.36	18.15	7.2	0.27	4.4	0.68	2.32	33.02	2.52	54.96	21.82	0.81	13.32	2.07	7.03	6.85	-228.3	38	42.21	34.21	54.14	17.27	24.57	41.37	5.84
2	11	2	AN	2.5	c	1	1195.6	13.73	164.2	685.35	5.12	3.51	26.58	10.55	0.39	6.44	1	3.4	48.36	18.22	7.23	0.27	4.41	0.69	2.33	33.14	2.52	54.96	21.82	0.81	13.32	2.07	7.03	6.87	-227.2	38.5	36.71	27.95	49.77	9.4	17.39	35.79	5.05
2	12	2	AN	2.5	c	1	1254.5	16.07	201.6	672.54	5.12	3.44	26.58	10.55	0.39	6.44	1	3.4	48.36	17.88	7.1	0.26	4.33	0.67	2.29	32.52	2.52	54.96	21.82	0.81	13.32	2.07	7.03	6.9	-230.8	39	36.53	27.75	49.63	9.15	17.16	35.61	5.02
2	13	2	AN	2.5	c	1	1105.2	15.12	167.1	693.76	5.12	3.55	26.58	10.55	0.39	6.44	1	3.4	48.36	18.44	7.32	0.27	4.47	0.69	2.36	33.55	2.52	54.96	21.82	0.81	13.32	2.07	7.03	6.89	-233.6	37.3	.	.	.	.	.	.	.
1	7	2	AN	2.5	d	1	1116.4	11.89	132.7	.	4.58	.	23.49	9.02	0.44	11.63	1.61	4.78	50.97	.	.	.	.	.	.	.	2.6	46.09	17.7	0.86	22.82	3.16	9.38	6.81	-245.3	39.2	44.83	30.55	42.94	13.78	27.06	44.97	6.33
1	8	2	AN	2.5	d	1	1126.9	16.66	187.7	619.82	4.58	2.84	23.49	9.02	0.44	11.63	1.61	4.78	50.97	14.56	5.59	0.27	7.21	1	2.96	31.59	2.6	46.09	17.7	0.86	22.82	3.16	9.38	6.84	-260.8	38.9	45	30.77	43.11	14.05	27.28	45.14	6.36
1	9	2	AN	2.5	d	1	1267.5	10.15	128.7	659.87	4.58	3.02	23.49	9.02	0.44	11.63	1.61	4.78	50.97	15.5	5.95	0.29	7.67	1.06	3.15	33.63	2.6	46.09	17.7	0.86	22.82	3.16	9.38	6.84	-206.4	39.3	39.51	23.85	37.43	5.46	20.02	39.65	5.59
1	10	2	AN	2.5	d	1	.	.	.	650.8	4.58	2.98	23.49	9.02	0.44	11.63	1.61	4.78	50.97	15.29	5.87	0.29	7.57	1.05	3.11	33.17	2.6	46.09	17.7	0.86	22.82	3.16	9.38	6.84	-236.9	37.5	41.73	26.64	39.72	8.93	22.95	41.87	5.9
1	11	2	AN	2.5	d	1	1358.1	17.46	237.1	674.8	4.58	3.09	23.49	9.02	0.44	11.63	1.61	4.78	50.97	15.85	6.09	0.3	7.85	1.09	3.23	34.39	2.6	46.09	17.7	0.86	22.82	3.16	9.38	6.85	-212.4	38.6	43.47	28.84	41.53	11.66	25.26	43.61	6.14
1	12	2	AN	2.5	d	1	1150.1	16.93	194.7	646.61	4.58	2.96	23.49	9.02	0.44	11.63	1.61	4.78	50.97	15.19	5.83	0.28	7.52	1.04	3.09	32.96	2.6	46.09	17.7	0.86	22.82	3.16	9.38	6.85	-236.9	37.8	45.33	31.17	43.45	14.55	27.71	45.46	6.4
1	13	2	AN	2.5	d	1	1120.2	18.15	203.3	662.36	4.58	3.03	23.49	9.02	0.44	11.63	1.61	4.78	50.97	15.56	5.97	0.29	7.7	1.07	3.17	33.76	2.6	46.09	17.7	0.86	22.82	3.16	9.38	6.86	-246.9	38.5	.	.	.	.	.	.	.
2	7	2	AN	2.5	f	2	1183.6	12.9	152.7	684.17	5.52	3.78	28.08	10.95	0.42	6.5	1.07	3.26	50.28	19.21	7.49	0.29	4.45	0.73	2.23	34.4	2.56	55.85	21.78	0.84	12.93	2.13	6.48	6.85	-244.5	39	45.84	38.1	56.54	21.21	27	45.08	6.36
2	8	2	AN	2.5	f	2	1284.9	16.54	212.5	679.67	5.52	3.75	28.08	10.95	0.42	6.5	1.07	3.26	50.28	19.09	7.44	0.29	4.42	0.73	2.22	34.17	2.56	55.85	21.78	0.84	12.93	2.13	6.48	6.85	-243.3	39	37.77	28.89	50.07	9.48	16.13	36.91	5.21
2	9	2	AN	2.5	f	2	1302.9	16.67	217.2	681.21	5.52	3.76	28.08	10.95	0.42	6.5	1.07	3.26	50.28	19.13	7.46	0.29	4.43	0.73	2.22	34.25	2.56	55.85	21.78	0.84	12.93	2.13	6.48	6.86	-251.7	38.9	40.42	31.92	52.19	13.33	19.7	39.6	5.59
2	10	2	AN	2.5	f	2	1327.1	16.93	224.7	684.8	5.52	3.78	28.08	10.95	0.42	6.5	1.07	3.26	50.28	19.23	7.5	0.29	4.45	0.73	2.23	34.43	2.56	55.85	21.78	0.84	12.93	2.13	6.48	6.86	-232.6	38.7	38.43	29.64	50.59	10.43	17.01	37.57	5.3
2	11	2	AN	2.5	f	2	1281.4	17.58	225.3	691.46	5.52	3.82	28.08	10.95	0.42	6.5	1.07	3.26	50.28	19.42	7.57	0.29	4.49	0.74	2.25	34.77	2.56	55.85	21.78	0.84	12.93	2.13	6.48	6.87	-236.6	39.1	40.4	31.88	52.17	13.29	19.66	39.57	5.58
2	12	2	AN	2.5	f	2	1305	18.52	241.7	694.33	5.52	3.83	28.08	10.95	0.42	6.5	1.07	3.26	50.28	19.5	7.6	0.29	4.51	0.74	2.26	34.91	2.56	55.85	21.78	0.84	12.93	2.13	6.48	6.89	-239.5	39.2	40.92	32.49	52.59	14.06	20.37	40.1	5.66
2	13	2	AN	2.5	f	2	1372.2	17.57	241.1	693.47	5.52	3.83	28.08	10.95	0.42	6.5	1.07	3.26	50.28	19.47	7.59	0.29	4.51	0.74	2.26	34.87	2.56	55.85	21.78	0.84	12.93	2.13	6.48	6.87	-234.3	38.8	.	.	.	.	.	.	.
1	7	2	AN	2.5	h	2	1117.5	16.79	187.6	708.6	5.07	3.6	26.32	9.28	0.46	9.49	1.76	4.14	51.45	18.65	6.58	0.33	6.72	1.25	2.93	36.46	2.84	51.16	18.04	0.89	18.45	3.42	8.05	6.78	-232.8	38.9	40.34	29.18	43.89	6.18	20.05	40.09	5.65
1	8	2	AN	2.5	h	2	1262.4	19.87	250.8	612.28	5.07	3.11	26.32	9.28	0.46	9.49	1.76	4.14	51.45	16.12	5.68	0.28	5.81	1.08	2.53	31.5	2.84	51.16	18.04	0.89	18.45	3.42	8.05	6.78	-275.7	39	42.56	31.8	45.97	9.66	23.02	42.32	5.96
1	9	2	AN	2.5	h	2	1341.9	16.23	217.8	655.44	5.07	3.33	26.32	9.28	0.46	9.49	1.76	4.14	51.45	17.25	6.08	0.3	6.22	1.15	2.71	33.72	2.84	51.16	18.04	0.89	18.45	3.42	8.05	6.8	-230.3	38.7	46.27	36.21	49.46	15.49	27.99	46.04	6.49
1	10	2	AN	2.5	h	2	1235.3	19.66	242.9	680.52	5.07	3.45	26.32	9.28	0.46	9.49	1.76	4.14	51.45	17.91	6.32	0.31	6.46	1.2	2.82	35.01	2.84	51.16	18.04	0.89	18.45	3.42	8.05	6.84	-248.6	39	40.63	29.52	44.16	6.64	20.44	40.39	5.69
1	11	2	AN	2.5	h	2	.	.	.	663.85	5.07	3.37	26.32	9.28	0.46	9.49	1.76	4.14	51.45	17.47	6.16	0.31	6.3	1.17	2.75	34.16	2.84	51.16	18.04	0.89	18.45	3.42	8.05	6.97	-203.8	26	37.65	25.98	41.36	1.95	16.45	37.39	5.27
1	12	2	AN	2.5	h	2	1562.8	20.71	323.7	698.74	5.07	3.55	26.32	9.28	0.46	9.49	1.76	4.14	51.45	18.39	6.48	0.32	6.63	1.23	2.89	35.95	2.84	51.16	18.04	0.89	18.45	3.42	8.05	6.84	-223.6	38.1	41.94	31.08	45.39	8.69	22.19	41.7	5.87
1	13	2	AN	2.5	h	2	1270.2	21.65	275	639.82	5.07	3.25	26.32	9.28	0.46	9.49	1.76	4.14	51.45	16.84	5.94	0.29	6.07	1.13	2.65	32.92	2.84	51.16	18.04	0.89	18.45	3.42	8.05	6.83	-252.5	38.7	.	.	.	.	.	.	.
1	7	3	AN	5	a	1	1202.8	8.57	103.1	622.25	3.74	2.33	22.79	9.16	0.41	11.19	1.59	4.79	49.93	14.18	5.7	0.26	6.96	0.99	2.98	31.07	2.49	45.64	18.35	0.82	22.41	3.18	9.59	6.81	-199.7	38.6	43.69	28.49	41.47	11.17	24.67	43.86	6.14
1	8	3	AN	5	a	1	1073.7	12.34	132.5	616.69	3.74	2.31	22.79	9.16	0.41	11.19	1.59	4.79	49.93	14.05	5.65	0.25	6.9	0.98	2.95	30.79	2.49	45.64	18.35	0.82	22.41	3.18	9.59	6.81	-297	38.4	43.43	28.15	41.2	10.75	24.32	43.6	6.1
1	9	3	AN	5	a	1	1224.5	14.16	173.4	672.82	3.74	2.51	22.79	9.16	0.41	11.19	1.59	4.79	49.93	15.33	6.16	0.28	7.53	1.07	3.22	33.59	2.49	45.64	18.35	0.82	22.41	3.18	9.59	6.78	-226.9	38.2	38.42	21.8	36	2.86	17.63	38.61	5.4
1	10	3	AN	5	a	1	1086	11.51	125	655.36	3.74	2.45	22.79	9.16	0.41	11.19	1.59	4.79	49.93	14.94	6	0.27	7.33	1.04	3.14	32.72	2.49	45.64	18.35	0.82	22.41	3.18	9.59	6.87	-254.4	39.2	36.14	18.9	33.62	-0.74	14.57	36.33	5.09
1	11	3	AN	5	a	1	1282.3	12.77	163.7	655.1	3.74	2.45	22.79	9.16	0.41	11.19	1.59	4.79	49.93	14.93	6	0.27	7.33	1.04	3.14	32.71	2.49	45.64	18.35	0.82	22.41	3.18	9.59	6.86	-228.7	38.7	38.71	22.17	36.3	3.32	18.01	38.9	5.44
1	12	3	AN	5	a	1	1123.3	11.28	126.7	665.93	3.74	2.49	22.79	9.16	0.41	11.19	1.59	4.79	49.93	15.18	6.1	0.27	7.45	1.06	3.19	33.25	2.49	45.64	18.35	0.82	22.41	3.18	9.59	6.86	-201.8	38.2	42.42	26.88	40.15	9.17	22.97	42.6	5.96
1	13	3	AN	5	a	1	1119.7	11.51	128.9	670.26	3.74	2.51	22.79	9.16	0.41	11.19	1.59	4.79	49.93	15.28	6.14	0.27	7.5	1.07	3.21	33.47	2.49	45.64	18.35	0.82	22.41	3.18	9.59	6.86	-239.3	36.5	.	.	.	.	.	.	.
2	7	3	AN	5	e	1	1092	11.25	122.9	660.69	4.2	2.77	27.25	10.81	0.37	5.42	1.09	3.49	48.43	18	7.14	0.24	3.58	0.72	2.31	32	2.52	56.27	22.32	0.76	11.19	2.25	7.21	6.85	-248.9	38.8	39.44	29.16	48.49	10.61	18.42	38.74	5.41
2	8	3	AN	5	e	1	1028.4	12.96	133.3	654.04	4.2	2.75	27.25	10.81	0.37	5.42	1.09	3.49	48.43	17.82	7.07	0.24	3.54	0.71	2.28	31.68	2.52	56.27	22.32	0.76	11.19	2.25	7.21	6.86	-237.4	38.6	35.7	24.79	45.31	5.08	13.37	34.95	4.89
2	9	3	AN	5	e	1	1049.4	14.33	150.4	650.5	4.2	2.73	27.25	10.81	0.37	5.42	1.09	3.49	48.43	17.73	7.03	0.24	3.53	0.71	2.27	31.5	2.52	56.27	22.32	0.76	11.19	2.25	7.21	6.88	-241.2	39	33.97	22.77	43.84	2.53	11.05	33.21	4.64
2	10	3	AN	5	e	1	1257.4	14.98	188.4	660.27	4.2	2.77	27.25	10.81	0.37	5.42	1.09	3.49	48.43	17.99	7.14	0.24	3.58	0.72	2.3	31.98	2.52	56.27	22.32	0.76	11.19	2.25	7.21	6.85	-232.8	38.9	35.93	25.06	45.51	5.43	13.69	35.19	4.92
2	11	3	AN	5	e	1	1284	15.72	201.8	677.24	4.2	2.84	27.25	10.81	0.37	5.42	1.09	3.49	48.43	18.45	7.32	0.25	3.67	0.74	2.36	32.8	2.52	56.27	22.32	0.76	11.19	2.25	7.21	6.85	-238.9	39	42.54	32.79	51.12	15.18	22.59	41.87	5.85
2	12	3	AN	5	e	1	1144.3	16.74	191.6	662.33	4.2	2.78	27.25	10.81	0.37	5.42	1.09	3.49	48.43	18.05	7.16	0.25	3.59	0.72	2.31	32.08	2.52	56.27	22.32	0.76	11.19	2.25	7.21	6.88	-241.4	39.3	37.47	26.86	46.81	7.7	15.76	36.75	5.13
2	13	3	AN	5	e	1	1057.8	15.61	165.1	676.84	4.2	2.84	27.25	10.81	0.37	5.42	1.09	3.49	48.43	18.44	7.32	0.25	3.67	0.74	2.36	32.78	2.52	56.27	22.32	0.76	11.19	2.25	7.21	6.89	-227.2	39.3	.	.	.	.	.	.	.
1	7	3	AN	5	g	2	853.5	9.01	76.9	661.85	3.8	2.52	21.18	8.7	0.4	10.7	1.37	4.74	47.09	14.02	5.76	0.26	7.08	0.91	3.14	31.17	2.43	44.98	18.48	0.85	22.72	2.91	10.07	6.85	-238	38.9	32.13	14.36	29.25	-6.26	10.68	32.35	4.51
1	8	3	AN	5	g	2	941.6	16.84	158.6	611.29	3.8	2.33	21.18	8.7	0.4	10.7	1.37	4.74	47.09	12.95	5.32	0.24	6.54	0.84	2.9	28.79	2.43	44.98	18.48	0.85	22.72	2.91	10.07	6.81	-274.5	39.1	40.14	24.46	37.6	6.28	21.22	40.33	5.65
1	9	3	AN	5	g	2	1130.4	16.4	185.4	671.12	3.8	2.55	21.18	8.7	0.4	10.7	1.37	4.74	47.09	14.21	5.84	0.27	7.18	0.92	3.18	31.6	2.43	44.98	18.48	0.85	22.72	2.91	10.07	6.83	-237.3	39.1	41.52	26.21	39.04	8.45	23.04	41.71	5.84
1	10	3	AN	5	g	2	1062.6	17.82	189.4	667.69	3.8	2.54	21.18	8.7	0.4	10.7	1.37	4.74	47.09	14.14	5.81	0.27	7.14	0.91	3.16	31.44	2.43	44.98	18.48	0.85	22.72	2.91	10.07	6.84	-255.2	39	43.68	28.94	41.3	11.83	25.89	43.87	6.14
1	11	3	AN	5	g	2	936.3	17.25	161.5	685.86	3.8	2.61	21.18	8.7	0.4	10.7	1.37	4.74	47.09	14.53	5.97	0.27	7.34	0.94	3.25	32.3	2.43	44.98	18.48	0.85	22.72	2.91	10.07	6.87	-227.8	39	40.45	24.86	37.93	6.78	21.64	40.65	5.69
1	12	3	AN	5	g	2	861.4	20.25	174.4	686.53	3.8	2.61	21.18	8.7	0.4	10.7	1.37	4.74	47.09	14.54	5.97	0.27	7.35	0.94	3.25	32.33	2.43	44.98	18.48	0.85	22.72	2.91	10.07	6.9	-226.9	38.6	39.8	24.04	37.25	5.75	20.78	40	5.6
1	13	3	AN	5	g	2	1068	20.26	216.4	750.11	3.8	2.85	21.18	8.7	0.4	10.7	1.37	4.74	47.09	15.89	6.53	0.3	8.03	1.03	3.56	35.32	2.43	44.98	18.48	0.85	22.72	2.91	10.07	6.85	-260.2	38.9	.	.	.	.	.	.	.
2	7	3	AN	5	h	2	1208.9	13.37	161.6	666.07	4.32	2.88	29.19	11.49	0.39	5.7	1.25	3.57	51.59	19.44	7.65	0.26	3.8	0.83	2.38	34.36	2.54	56.58	22.27	0.76	11.05	2.42	6.92	6.82	-239.3	38.4	44.28	32.65	51.68	20.3	23.54	43.71	6.11
2	8	3	AN	5	h	2	1256.2	15.44	194	684.09	4.32	2.96	29.19	11.49	0.39	5.7	1.25	3.57	51.59	19.97	7.86	0.27	3.9	0.86	2.44	35.29	2.54	56.58	22.27	0.76	11.05	2.42	6.92	6.82	-247.2	38.6	37.53	24.5	45.83	10.65	14.28	36.89	5.16
2	9	3	AN	5	h	2	1407.4	17.29	243.3	682.79	4.32	2.95	29.19	11.49	0.39	5.7	1.25	3.57	51.59	19.93	7.85	0.27	3.89	0.85	2.44	35.23	2.54	56.58	22.27	0.76	11.05	2.42	6.92	6.82	-245.1	38.6	39.75	27.17	47.75	13.81	17.32	39.13	5.47
2	10	3	AN	5	h	2	1224.5	17.27	211.5	672.4	4.32	2.91	29.19	11.49	0.39	5.7	1.25	3.57	51.59	19.63	7.73	0.26	3.83	0.84	2.4	34.69	2.54	56.58	22.27	0.76	11.05	2.42	6.92	6.83	-240.9	38.3	42.16	30.09	49.84	17.27	20.63	41.57	5.81
2	11	3	AN	5	h	2	1192.1	17.58	209.6	684.82	4.32	2.96	29.19	11.49	0.39	5.7	1.25	3.57	51.59	19.99	7.87	0.27	3.9	0.86	2.44	35.33	2.54	56.58	22.27	0.76	11.05	2.42	6.92	6.85	-237.3	38.4	40.53	28.12	48.42	14.93	18.39	39.92	5.58
2	12	3	AN	5	h	2	1209.8	18.88	228.4	696.95	4.32	3.01	29.19	11.49	0.39	5.7	1.25	3.57	51.59	20.34	8.01	0.27	3.97	0.87	2.49	35.96	2.54	56.58	22.27	0.76	11.05	2.42	6.92	6.87	-238.7	38.8	37.27	24.18	45.6	10.27	13.92	36.63	5.12
2	13	3	AN	5	h	2	1238.2	18.08	223.9	683.91	4.32	2.96	29.19	11.49	0.39	5.7	1.25	3.57	51.59	19.96	7.86	0.27	3.9	0.85	2.44	35.28	2.54	56.58	22.27	0.76	11.05	2.42	6.92	6.88	-232.6	38.2	.	.	.	.	.	.	.
1	7	4	FV	2.5	c	1	.	.	.	.	4.26	.	20.29	9.16	0.39	10.82	1.54	5.15	47.35	.	.	.	.	.	.	.	2.22	42.85	19.35	0.82	22.85	3.25	10.88	6.83	-247.3	39.2	39.66	25.89	36.67	10.45	19.81	39.86	5.62
1	8	4	FV	2.5	c	1	1009.8	14.55	146.9	640.59	4.26	2.73	20.29	9.16	0.39	10.82	1.54	5.15	47.35	13	5.87	0.25	6.93	0.99	3.3	30.33	2.22	42.85	19.35	0.82	22.85	3.25	10.88	6.82	-318.7	37.3	40.49	26.91	37.55	11.69	20.92	40.69	5.73
1	9	4	FV	2.5	c	1	.	.	.	693.17	4.26	2.96	20.29	9.16	0.39	10.82	1.54	5.15	47.35	14.06	6.35	0.27	7.5	1.07	3.57	32.82	2.22	42.85	19.35	0.82	22.85	3.25	10.88	6.81	-225.9	39.2	37.54	23.3	34.46	7.32	17.01	37.76	5.32
1	10	4	FV	2.5	c	1	.	.	.	692.71	4.26	2.95	20.29	9.16	0.39	10.82	1.54	5.15	47.35	14.06	6.35	0.27	7.5	1.07	3.57	32.8	2.22	42.85	19.35	0.82	22.85	3.25	10.88	6.84	-256.9	39	38.7	24.72	35.68	9.04	18.55	38.91	5.48
1	11	4	FV	2.5	c	1	.	.	.	707.88	4.26	3.02	20.29	9.16	0.39	10.82	1.54	5.15	47.35	14.36	6.48	0.28	7.66	1.09	3.65	33.52	2.22	42.85	19.35	0.82	22.85	3.25	10.88	6.85	-219.3	36.2	44.46	31.79	41.72	17.58	26.2	44.65	6.29
1	12	4	FV	2.5	c	1	.	.	.	683.77	4.26	2.92	20.29	9.16	0.39	10.82	1.54	5.15	47.35	13.87	6.26	0.27	7.4	1.05	3.52	32.38	2.22	42.85	19.35	0.82	22.85	3.25	10.88	6.85	-233.8	36.6	41.46	28.11	38.57	13.14	22.22	41.66	5.87
1	13	4	FV	2.5	c	1	1214	.	.	685.5	4.26	2.92	20.29	9.16	0.39	10.82	1.54	5.15	47.35	13.91	6.28	0.27	7.42	1.06	3.53	32.46	2.22	42.85	19.35	0.82	22.85	3.25	10.88	6.84	-242.7	37	.	.	.	.	.	.	.
2	7	4	FV	2.5	d	1	1019.3	11.49	117.1	689.23	5.68	3.92	27.97	11	0.41	7.46	1.03	3.34	51.21	19.28	7.58	0.28	5.14	0.71	2.3	35.3	2.54	54.62	21.48	0.8	14.57	2.01	6.52	6.86	-247.6	38.3	40.99	35.35	53.32	14.07	20.96	40.14	5.64
2	8	4	FV	2.5	d	1	1166.5	14.38	167.7	690.63	5.68	3.92	27.97	11	0.41	7.46	1.03	3.34	51.21	19.32	7.6	0.28	5.15	0.71	2.31	35.37	2.54	54.62	21.48	0.8	14.57	2.01	6.52	6.86	-238.6	38.1	37.61	31.65	50.65	9.15	16.44	36.72	5.16
2	9	4	FV	2.5	d	1	1146.9	15.21	174.4	664.81	5.68	3.78	27.97	11	0.41	7.46	1.03	3.34	51.21	18.59	7.31	0.27	4.96	0.68	2.22	34.04	2.54	54.62	21.48	0.8	14.57	2.01	6.52	6.86	-244.5	38.3	38.24	32.33	51.14	10.06	17.27	37.35	5.25
2	10	4	FV	2.5	d	1	1253.3	15.6	195.5	675.57	5.68	3.84	27.97	11	0.41	7.46	1.03	3.34	51.21	18.9	7.43	0.28	5.04	0.7	2.26	34.6	2.54	54.62	21.48	0.8	14.57	2.01	6.52	6.86	-235.9	38.3	36.58	30.51	49.83	7.65	15.06	35.67	5.01
2	11	4	FV	2.5	d	1	1283.5	15.67	201.1	678.93	5.68	3.86	27.97	11	0.41	7.46	1.03	3.34	51.21	18.99	7.47	0.28	5.06	0.7	2.27	34.77	2.54	54.62	21.48	0.8	14.57	2.01	6.52	6.84	-232.2	38.4	42.85	37.38	54.79	16.78	23.45	42.03	5.91
2	12	4	FV	2.5	d	1	1357	17.46	236.9	681.12	5.68	3.87	27.97	11	0.41	7.46	1.03	3.34	51.21	19.05	7.49	0.28	5.08	0.7	2.27	34.88	2.54	54.62	21.48	0.8	14.57	2.01	6.52	6.85	-239.9	38.9	41.06	35.43	53.38	14.18	21.06	40.22	5.66
2	13	4	FV	2.5	d	1	1238.2	16.12	199.6	681.75	5.68	3.87	27.97	11	0.41	7.46	1.03	3.34	51.21	19.07	7.5	0.28	5.09	0.7	2.28	34.91	2.54	54.62	21.48	0.8	14.57	2.01	6.52	6.86	-232	38.5	.	.	.	.	.	.	.
1	7	4	FV	2.5	f	2	.	.	.	.	4.97	.	21.95	8.91	0.43	10.66	1.42	4.97	48.34	.	.	.	.	.	.	.	2.46	45.41	18.43	0.89	22.05	2.94	10.28	6.8	-232.6	39	40.84	27.73	41.04	8.4	20.91	40.82	5.75
1	8	4	FV	2.5	f	2	.	.	.	716.25	4.97	3.56	21.95	8.91	0.43	10.66	1.42	4.97	48.34	15.72	6.38	0.31	7.64	1.02	3.56	34.62	2.46	45.41	18.43	0.89	22.05	2.94	10.28	6.81	-275.9	38.9	43.99	31.58	44.18	13.28	25.13	43.98	6.19
1	9	4	FV	2.5	f	2	.	.	.	667.02	4.97	3.31	21.95	8.91	0.43	10.66	1.42	4.97	48.34	14.64	5.94	0.29	7.11	0.95	3.32	32.24	2.46	45.41	18.43	0.89	22.05	2.94	10.28	6.83	-234.1	39	42.88	30.22	43.07	11.56	23.64	42.87	6.04
1	10	4	FV	2.5	f	2	.	.	.	685.26	4.97	3.4	21.95	8.91	0.43	10.66	1.42	4.97	48.34	15.04	6.11	0.29	7.3	0.97	3.41	33.13	2.46	45.41	18.43	0.89	22.05	2.94	10.28	6.85	-253.8	38.9	39.76	26.41	39.97	6.73	19.47	39.75	5.6
1	11	4	FV	2.5	f	2	.	.	.	692.02	4.97	3.44	21.95	8.91	0.43	10.66	1.42	4.97	48.34	15.19	6.17	0.3	7.38	0.98	3.44	33.45	2.46	45.41	18.43	0.89	22.05	2.94	10.28	6.89	-213	38.8	42.07	29.24	42.27	10.31	22.56	42.06	5.92
1	12	4	FV	2.5	f	2	1065.8	17.69	188.5	668.44	4.97	3.32	21.95	8.91	0.43	10.66	1.42	4.97	48.34	14.67	5.96	0.29	7.13	0.95	3.32	32.31	2.46	45.41	18.43	0.89	22.05	2.94	10.28	6.9	-225.5	38.7	38.28	24.61	38.49	4.44	17.49	38.27	5.39
1	13	4	FV	2.5	f	2	1072.9	19.78	212.2	668.65	4.97	3.32	21.95	8.91	0.43	10.66	1.42	4.97	48.34	14.68	5.96	0.29	7.13	0.95	3.32	32.32	2.46	45.41	18.43	0.89	22.05	2.94	10.28	6.88	-249.2	38.6	.	.	.	.	.	.	.
2	7	4	FV	2.5	j	2	1180.1	15.69	185.2	662.5	5.92	3.92	28.28	11.78	0.43	6.9	1.23	3.45	52.07	18.74	7.8	0.28	4.57	0.81	2.29	34.5	2.4	54.31	22.62	0.83	13.25	2.36	6.63	6.83	-242.9	38.5	43.09	36.04	54.35	15.93	24.23	42.32	5.95
2	8	4	FV	2.5	j	2	1043.7	17.58	183.5	688.34	5.92	4.08	28.28	11.78	0.43	6.9	1.23	3.45	52.07	19.47	8.11	0.3	4.75	0.85	2.37	35.84	2.4	54.31	22.62	0.83	13.25	2.36	6.63	6.87	-240.8	38.5	36.94	29.12	49.42	6.84	16.03	36.08	5.07
2	9	4	FV	2.5	j	2	1362.9	19.66	267.9	666.5	5.92	3.95	28.28	11.78	0.43	6.9	1.23	3.45	52.07	18.85	7.85	0.29	4.6	0.82	2.3	34.7	2.4	54.31	22.62	0.83	13.25	2.36	6.63	6.85	-237.6	38.4	33.08	24.78	46.32	1.14	10.89	32.16	4.52
2	10	4	FV	2.5	j	2	1384.4	19.65	272	673.15	5.92	3.99	28.28	11.78	0.43	6.9	1.23	3.45	52.07	19.04	7.93	0.29	4.64	0.83	2.32	35.05	2.4	54.31	22.62	0.83	13.25	2.36	6.63	6.83	-236.5	38.4	45.68	38.95	56.43	19.76	27.68	44.94	6.32
2	11	4	FV	2.5	j	2	1252.9	20.03	251	683.19	5.92	4.05	28.28	11.78	0.43	6.9	1.23	3.45	52.07	19.32	8.05	0.29	4.71	0.84	2.36	35.57	2.4	54.31	22.62	0.83	13.25	2.36	6.63	6.84	-235.6	38.2	43.81	36.85	54.93	17	25.19	43.05	6.05
2	12	4	FV	2.5	j	2	1238.2	21.47	265.8	647.69	5.92	3.84	28.28	11.78	0.43	6.9	1.23	3.45	52.07	18.32	7.63	0.28	4.47	0.8	2.23	33.73	2.4	54.31	22.62	0.83	13.25	2.36	6.63	6.87	-242.5	38.8	39	31.44	51.07	9.89	18.79	38.17	5.37
2	13	4	FV	2.5	j	2	1434.8	20.86	299.3	679.58	5.92	4.02	28.28	11.78	0.43	6.9	1.23	3.45	52.07	19.22	8.01	0.29	4.69	0.84	2.34	35.39	2.4	54.31	22.62	0.83	13.25	2.36	6.63	6.85	-238.3	38.2	.	.	.	.	.	.	.
2	7	5	FV	5	a	1	1161.5	9.43	109.5	670.05	4.4	2.95	26.24	11.48	0.38	5.98	1.01	3.47	48.56	17.58	7.69	0.25	4.01	0.68	2.33	32.54	2.29	54.04	23.64	0.78	12.31	2.08	7.15	6.73	-255.4	38.2	38.42	27.97	51.45	12.52	18.62	37.45	5.25
2	8	5	FV	5	a	1	1220.1	10.9	133	691.29	4.4	3.04	26.24	11.48	0.38	5.98	1.01	3.47	48.56	18.14	7.94	0.26	4.13	0.7	2.4	33.57	2.29	54.04	23.64	0.78	12.31	2.08	7.15	6.85	-243.1	38.1	41.98	32.13	54.25	17.58	23.32	41.07	5.76
2	9	5	FV	5	a	1	1129.4	10.73	121.2	684.16	4.4	3.01	26.24	11.48	0.38	5.98	1.01	3.47	48.56	17.95	7.85	0.26	4.09	0.69	2.37	33.22	2.29	54.04	23.64	0.78	12.31	2.08	7.15	6.87	-240.3	38.4	37.55	26.95	50.76	11.28	17.47	36.56	5.13
2	10	5	FV	5	a	1	1019.4	10.53	107.3	674.24	4.4	2.97	26.24	11.48	0.38	5.98	1.01	3.47	48.56	17.69	7.74	0.26	4.03	0.68	2.34	32.74	2.29	54.04	23.64	0.78	12.31	2.08	7.15	6.9	-234.4	37.8	35.4	24.44	49.07	8.24	14.64	34.39	4.82
2	11	5	FV	5	a	1	1231.2	11.91	146.6	677.75	4.4	2.98	26.24	11.48	0.38	5.98	1.01	3.47	48.56	17.78	7.78	0.26	4.05	0.68	2.35	32.91	2.29	54.04	23.64	0.78	12.31	2.08	7.15	6.89	-244	38.6	34.96	23.92	48.72	7.61	14.05	33.94	4.76
2	12	5	FV	5	a	1	1279.2	12.23	156.4	682.22	4.4	3	26.24	11.48	0.38	5.98	1.01	3.47	48.56	17.9	7.83	0.26	4.08	0.69	2.37	33.13	2.29	54.04	23.64	0.78	12.31	2.08	7.15	6.88	-268.8	39	38.82	28.44	51.76	13.09	19.15	37.86	5.31
2	13	5	FV	5	a	1	1331	12.49	166.2	679.26	4.4	2.99	26.24	11.48	0.38	5.98	1.01	3.47	48.56	17.82	7.8	0.26	4.06	0.69	2.36	32.98	2.29	54.04	23.64	0.78	12.31	2.08	7.15	6.88	-237.1	38.5	.	.	.	.	.	.	.
1	7	5	FV	5	b	1	.	.	.	708.63	3.99	2.83	20.22	8.55	0.37	9.83	1.34	4.54	44.85	14.33	6.06	0.26	6.97	0.95	3.22	31.78	2.36	45.08	19.06	0.82	21.92	2.99	10.12	6.85	-215.6	38.5	38.09	22.91	36.79	7.13	18.02	38.19	5.34
1	8	5	FV	5	b	1	927.5	14.69	136.2	.	3.99	.	20.22	8.55	0.37	9.83	1.34	4.54	44.85	.	.	.	.	.	.	.	2.36	45.08	19.06	0.82	21.92	2.99	10.12	6.8	276.6	38.7	37.64	22.34	36.33	6.45	17.41	37.74	5.28
1	9	5	FV	5	b	1	886.8	15.53	137.7	584.43	3.99	2.33	20.22	8.55	0.37	9.83	1.34	4.54	44.85	11.82	5	0.22	5.74	0.78	2.65	26.21	2.36	45.08	19.06	0.82	21.92	2.99	10.12	6.8	-234.8	38.9	39.39	24.52	38.11	9.07	19.73	39.48	5.52
1	10	5	FV	5	b	1	.	.	.	.	3.99	.	20.22	8.55	0.37	9.83	1.34	4.54	44.85	.	.	.	.	.	.	.	2.36	45.08	19.06	0.82	21.92	2.99	10.12	6.84	-252.8	38.7	37.16	21.75	35.84	5.73	16.78	37.26	5.21
1	11	5	FV	5	b	1	.	.	.	597.32	3.99	2.38	20.22	8.55	0.37	9.83	1.34	4.54	44.85	12.08	5.11	0.22	5.87	0.8	2.71	26.79	2.36	45.08	19.06	0.82	21.92	2.99	10.12	6.87	-239.2	37.9	40.45	25.84	39.19	10.66	21.13	40.54	5.67
1	12	5	FV	5	b	1	.	.	.	653.98	3.99	2.61	20.22	8.55	0.37	9.83	1.34	4.54	44.85	13.22	5.59	0.24	6.43	0.88	2.97	29.33	2.36	45.08	19.06	0.82	21.92	2.99	10.12	6.87	-224.8	38.6	42.01	27.79	40.79	13.01	23.21	42.1	5.89
1	13	5	FV	5	b	1	.	.	.	653.8	3.99	2.61	20.22	8.55	0.37	9.83	1.34	4.54	44.85	13.22	5.59	0.24	6.43	0.88	2.97	29.32	2.36	45.08	19.06	0.82	21.92	2.99	10.12	6.87	-251.9	38	.	.	.	.	.	.	.
2	7	5	FV	5	g	2	986.3	13.41	132.3	721.66	4.27	3.08	24.5	11.73	0.35	5.21	0.96	3.38	46.13	17.68	8.47	0.25	3.76	0.69	2.44	33.29	2.09	53.11	25.43	0.76	11.29	2.08	7.33	6.86	-246.4	38.9	39.33	29.49	52.31	14.47	22.9	38.37	5.38
2	8	5	FV	5	g	2	953.5	14.88	141.9	677.66	4.27	2.89	24.5	11.73	0.35	5.21	0.96	3.38	46.13	16.6	7.95	0.24	3.53	0.65	2.29	31.26	2.09	53.11	25.43	0.76	11.29	2.08	7.33	6.87	-240.5	38.7	36.38	26.06	49.99	10.31	19.15	35.37	4.96
2	9	5	FV	5	g	2	1136.4	16.61	188.8	666.56	4.27	2.85	24.5	11.73	0.35	5.21	0.96	3.38	46.13	16.33	7.82	0.23	3.47	0.64	2.25	30.75	2.09	53.11	25.43	0.76	11.29	2.08	7.33	6.86	-249.6	38.7	34.22	23.55	48.29	7.27	16.41	33.18	4.65
2	10	5	FV	5	g	2	1088	16.34	177.8	665.76	4.27	2.84	24.5	11.73	0.35	5.21	0.96	3.38	46.13	16.31	7.81	0.23	3.47	0.64	2.25	30.71	2.09	53.11	25.43	0.76	11.29	2.08	7.33	6.88	-237.7	38.7	37.62	27.5	50.96	12.06	20.72	36.63	5.14
2	11	5	FV	5	g	2	1091	17.21	187.8	680.58	4.27	2.91	24.5	11.73	0.35	5.21	0.96	3.38	46.13	16.67	7.98	0.24	3.55	0.65	2.3	31.4	2.09	53.11	25.43	0.76	11.29	2.08	7.33	6.88	-237.4	38.9	33.79	23.04	47.95	6.65	15.85	32.73	4.59
2	12	5	FV	5	g	2	1147.4	18.44	211.6	681.89	4.27	2.91	24.5	11.73	0.35	5.21	0.96	3.38	46.13	16.71	8	0.24	3.55	0.65	2.3	31.46	2.09	53.11	25.43	0.76	11.29	2.08	7.33	6.9	-239.3	39	35.52	25.05	49.31	9.09	18.05	34.49	4.84
2	13	5	FV	5	g	2	1203.6	17.93	215.8	684.62	4.27	2.92	24.5	11.73	0.35	5.21	0.96	3.38	46.13	16.77	8.03	0.24	3.57	0.66	2.31	31.58	2.09	53.11	25.43	0.76	11.29	2.08	7.33	6.88	-233.9	38.4	.	.	.	.	.	.	.
1	7	5	FV	5	i	2	1083.2	17.19	186.2	636.99	3.85	2.46	18.98	8.69	0.34	9.04	1.26	4.62	42.93	12.09	5.54	0.22	5.76	0.8	2.94	27.35	2.18	44.21	20.24	0.79	21.06	2.94	10.76	6.8	-246.8	38.9	39.36	25.02	39.28	10.81	21.58	39.36	5.51
1	8	5	FV	5	i	2	991	19.11	189.4	640.34	3.85	2.47	18.98	8.69	0.34	9.04	1.26	4.62	42.93	12.15	5.56	0.22	5.79	0.81	2.96	27.49	2.18	44.21	20.24	0.79	21.06	2.94	10.76	6.81	-278.6	39.2	37.11	22.23	37.03	7.5	18.67	37.11	5.19
1	9	5	FV	5	i	2	1061.6	18.06	191.7	666.62	3.85	2.57	18.98	8.69	0.34	9.04	1.26	4.62	42.93	12.65	5.79	0.23	6.03	0.84	3.08	28.62	2.18	44.21	20.24	0.79	21.06	2.94	10.76	6.84	-333.8	38.8	35.93	20.78	35.85	5.77	17.14	35.93	5.03
1	10	5	FV	5	i	2	1129	20.25	228.6	653.34	3.85	2.52	18.98	8.69	0.34	9.04	1.26	4.62	42.93	12.4	5.68	0.22	5.91	0.82	3.02	28.05	2.18	44.21	20.24	0.79	21.06	2.94	10.76	6.86	-256	39	37.12	22.24	37.04	7.52	18.68	37.12	5.19
1	11	5	FV	5	i	2	985.7	18.29	180.3	707.29	3.85	2.73	18.98	8.69	0.34	9.04	1.26	4.62	42.93	13.42	6.15	0.24	6.39	0.89	3.27	30.36	2.18	44.21	20.24	0.79	21.06	2.94	10.76	6.89	-225.9	38.3	38.9	24.45	38.82	10.14	20.98	38.91	5.44
1	12	5	FV	5	i	2	1122.8	23.02	258.5	693.06	3.85	2.67	18.98	8.69	0.34	9.04	1.26	4.62	42.93	13.15	6.02	0.24	6.27	0.87	3.2	29.75	2.18	44.21	20.24	0.79	21.06	2.94	10.76	6.86	-234.7	38.2	38.43	23.87	38.36	9.45	20.38	38.44	5.38
1	13	5	FV	5	i	2	1096.1	22.9	251	654.29	3.85	2.52	18.98	8.69	0.34	9.04	1.26	4.62	42.93	12.42	5.69	0.22	5.91	0.82	3.02	28.09	2.18	44.21	20.24	0.79	21.06	2.94	10.76	6.86	-250.8	38.6	.	.	.	.	.	.	.
