Combo	AB1007	AB1008	AB1009	AB1010	AB1011	AB1012	AB1013	AB1014	AB1015	AB1016	AB1017	AB1018	AB1019	AB1020	AB1021	AB1022	AB1023	AB1024	AB1025	AB1026	AB1037	AB1038	AB1039	AB1040	AB1041	AB1042	AB1043	AB1044	AB1045	AB1046	AB1047	AB1048	AB1049	AB1050	AB1051	AB1052	AB1053	AB1054	AB1055	AB1056	AB1057	AB1058	AB1059	AB1060	AB1061	AB1062	AB1063	AB1064	AB1065	AB1066	AB1067	AB1068	AB1069	AB1070	AB1071	AB1072	AB1073	AB1074	AB1075	AB1076	AB2007	AB2008	AB2009	AB2010	AB2011	AB2012	AB2013	AB2014	AB2015	AB2016	AB2017	AB2018	AB2019	AB2020	AB2021	AB2022	AB2023	AB2024	AB2025	AB2026	AB2037	AB2038	AB2039	AB2040	AB2041	AB2042	AB2043	AB2044	AB2045	AB2046	AB2047	AB2048	AB2049	AB2050	AB2051	AB2052	AB2053	AB2054	AB2055	AB2056	AB2057	AB2058	AB2059	AB2060	AB2061	AB2062	AB2063	AB2064	AB2065	AB2066	AB2067	AB2068	AB2069	AB2070	AB2071	AB2072	AB2073	AB2074	AB2075	AB2076
Methanobrevibacter	2490.0	14200.0	3509.0	7578.0	6085.0	6593.0	4654.0	13045.0	2611.0	2213.0	9252.0	5062.0	2509.0	2093.0	2348.0	1887.0	1790.0	6481.0	3106.0	5920.0	6055.0	3758.0	3779.0	4930.0	3877.0	1278.0	1573.0	2200.0	2131.0	2739.0	3125.0	2667.0	1651.0	2964.0	2090.0	1740.0	1490.0	1078.0	2103.0	1429.0	5458.0	7935.0	9666.0	10278.0	8866.0	7601.0	5560.0	7738.0	4264.0	6392.0	6128.0	6998.0	6032.0	4552.0	1077.0	424.0	3760.0	3974.0	5469.0	1621.0	3012.0	9808.0	5301.0	4709.0	915.0	4280.0	2675.0	30313.0	1982.0	11175.0	7667.0	18640.0	999.0	7473.0	5465.0	9662.0	6380.0	12354.0	1265.0	10107.0	5474.0	10632.0	10218.0	5330.0	8122.0	5936.0	5339.0	6697.0	5304.0	3590.0	3720.0	7304.0	3272.0	6172.0	4035.0	3054.0	2800.0	1328.0	5237.0	4954.0	12076.0	8283.0	7487.0	6313.0	5348.0	5247.0	1843.0	7247.0	3105.0	4777.0	3843.0	3642.0	2544.0	6636.0	2928.0	3323.0	2252.0	2486.0	2469.0	1790.0
Methanosphaera	102.0	522.0	77.0	128.0	86.0	90.0	240.0	375.0	24.0	23.0	95.0	116.0	26.0	25.0	77.0	41.0	29.0	130.0	39.0	37.0	47.0	27.0	16.0	26.0	10.0	0.0	8.0	10.0	0.0	0.0	97.0	145.0	33.0	179.0	45.0	33.0	11.0	26.0	28.0	7.0	107.0	175.0	156.0	315.0	105.0	136.0	29.0	61.0	10.0	91.0	186.0	252.0	177.0	197.0	21.0	0.0	49.0	154.0	82.0	0.0	18.0	27.0	320.0	60.0	9.0	29.0	74.0	804.0	178.0	611.0	427.0	1219.0	50.0	143.0	832.0	816.0	682.0	972.0	114.0	1202.0	133.0	131.0	121.0	13.0	123.0	66.0	52.0	143.0	133.0	36.0	0.0	470.0	106.0	427.0	69.0	71.0	21.0	37.0	64.0	117.0	214.0	103.0	110.0	165.0	21.0	44.0	0.0	54.0	17.0	43.0	95.0	126.0	68.0	285.0	51.0	66.0	15.0	80.0	36.0	14.0
Methanobacteriaceae_uncl	17.0	182.0	68.0	100.0	46.0	0.0	0.0	186.0	55.0	38.0	188.0	64.0	80.0	51.0	128.0	74.0	118.0	523.0	366.0	452.0	63.0	57.0	53.0	68.0	56.0	0.0	25.0	33.0	29.0	28.0	69.0	109.0	0.0	52.0	41.0	28.0	53.0	73.0	127.0	86.0	78.0	88.0	215.0	103.0	115.0	83.0	99.0	120.0	38.0	57.0	125.0	259.0	118.0	73.0	24.0	0.0	154.0	213.0	345.0	59.0	50.0	174.0	150.0	28.0	38.0	54.0	51.0	211.0	51.0	336.0	375.0	327.0	28.0	155.0	205.0	499.0	323.0	1194.0	110.0	1732.0	42.0	93.0	79.0	64.0	42.0	54.0	39.0	78.0	67.0	41.0	121.0	268.0	38.0	84.0	87.0	59.0	80.0	78.0	279.0	188.0	108.0	87.0	145.0	76.0	60.0	43.0	0.0	119.0	23.0	66.0	90.0	129.0	53.0	121.0	60.0	78.0	102.0	112.0	178.0	81.0
Methanomicrobium	7771.0	1807.0	9073.0	8229.0	5513.0	6043.0	6915.0	4209.0	5159.0	4152.0	2518.0	6471.0	8849.0	5645.0	6353.0	6508.0	9644.0	5452.0	7937.0	3919.0	1586.0	2242.0	3855.0	3038.0	5428.0	6224.0	8072.0	5846.0	7534.0	5898.0	6828.0	3733.0	7361.0	5334.0	7494.0	8798.0	8274.0	7910.0	8652.0	9427.0	1410.0	3567.0	5899.0	4926.0	8507.0	8225.0	9022.0	7384.0	8904.0	5480.0	6793.0	9080.0	12083.0	7287.0	5832.0	1635.0	10283.0	11914.0	12327.0	12731.0	7769.0	1474.0	7552.0	2205.0	7001.0	630.0	5517.0	1442.0	9449.0	6060.0	9882.0	1688.0	12706.0	1880.0	13342.0	8426.0	13096.0	5888.0	8766.0	5137.0	3706.0	3571.0	3312.0	8993.0	4940.0	4177.0	5726.0	5207.0	4112.0	2470.0	3459.0	7457.0	10516.0	8994.0	9707.0	10208.0	12088.0	8636.0	18936.0	16174.0	2400.0	3550.0	4739.0	3523.0	6247.0	5455.0	3488.0	7819.0	8509.0	4194.0	4795.0	5765.0	7170.0	11557.0	10359.0	8382.0	8645.0	10121.0	7812.0	9229.0
Methanimicrococcus	1050.0	401.0	747.0	1077.0	246.0	1286.0	719.0	345.0	383.0	2522.0	100.0	691.0	759.0	1725.0	2159.0	4139.0	752.0	439.0	1241.0	544.0	17.0	30.0	28.0	22.0	67.0	49.0	343.0	48.0	764.0	140.0	243.0	352.0	331.0	348.0	694.0	1069.0	728.0	872.0	1130.0	1615.0	56.0	61.0	101.0	35.0	188.0	126.0	716.0	128.0	998.0	199.0	585.0	688.0	1023.0	203.0	378.0	328.0	1319.0	2519.0	1971.0	1351.0	261.0	136.0	457.0	96.0	160.0	45.0	376.0	121.0	72.0	91.0	127.0	33.0	810.0	167.0	871.0	546.0	338.0	397.0	491.0	379.0	73.0	186.0	96.0	220.0	128.0	219.0	84.0	342.0	208.0	144.0	359.0	453.0	502.0	642.0	1073.0	1344.0	1172.0	698.0	1994.0	2538.0	132.0	56.0	96.0	30.0	168.0	76.0	173.0	123.0	912.0	188.0	340.0	438.0	541.0	419.0	629.0	1167.0	862.0	1890.0	1005.0	1289.0
Candidatus_Methanomethylophilus	443.0	197.0	365.0	1230.0	125.0	623.0	610.0	382.0	283.0	786.0	77.0	312.0	390.0	922.0	410.0	773.0	519.0	564.0	373.0	230.0	258.0	327.0	325.0	492.0	236.0	1218.0	299.0	1729.0	741.0	505.0	95.0	183.0	228.0	687.0	580.0	693.0	271.0	464.0	222.0	212.0	550.0	934.0	1030.0	1223.0	901.0	1907.0	669.0	1717.0	983.0	1099.0	480.0	994.0	796.0	1301.0	463.0	250.0	522.0	1021.0	744.0	409.0	472.0	38.0	318.0	106.0	155.0	73.0	241.0	63.0	284.0	352.0	293.0	131.0	702.0	182.0	767.0	337.0	745.0	527.0	389.0	368.0	2255.0	695.0	1212.0	957.0	2015.0	1653.0	1528.0	1328.0	1404.0	555.0	230.0	563.0	377.0	1015.0	834.0	942.0	399.0	376.0	449.0	524.0	782.0	807.0	793.0	977.0	814.0	1346.0	227.0	1831.0	877.0	744.0	301.0	548.0	456.0	1705.0	1056.0	965.0	418.0	792.0	414.0	347.0
Methanomethylophilaceae_uncl	3068.0	1143.0	1255.0	2629.0	913.0	3229.0	1945.0	1467.0	1888.0	3738.0	551.0	1946.0	3357.0	5206.0	2653.0	3600.0	4339.0	4245.0	2447.0	1259.0	992.0	861.0	1553.0	1459.0	1454.0	2593.0	2181.0	1469.0	1753.0	2658.0	2017.0	685.0	2948.0	1558.0	2798.0	2912.0	2575.0	2910.0	3545.0	2928.0	1686.0	2524.0	4773.0	3555.0	4762.0	5348.0	3995.0	3321.0	3395.0	3799.0	3149.0	3231.0	6161.0	2056.0	2067.0	757.0	4340.0	5484.0	6060.0	2682.0	944.0	231.0	1143.0	365.0	868.0	188.0	1105.0	352.0	928.0	976.0	1425.0	401.0	2210.0	355.0	3738.0	1534.0	3453.0	1968.0	1514.0	1341.0	2096.0	2234.0	2605.0	2599.0	3743.0	2745.0	2374.0	2617.0	2508.0	1409.0	1711.0	3069.0	4739.0	2789.0	4491.0	3964.0	3786.0	2904.0	7187.0	4976.0	2760.0	2277.0	3695.0	2497.0	3250.0	3599.0	1449.0	3093.0	2924.0	2824.0	2166.0	1837.0	2910.0	3198.0	4028.0	3024.0	2924.0	3802.0	3033.0	2750.0
Bifidobacterium	42.0	71.0	204.0	168.0	487.0	1970.0	964.0	235.0	621.0	525.0	303.0	323.0	276.0	228.0	2294.0	288.0	0.0	0.0	6343.0	613.0	153.0	367.0	461.0	174.0	326.0	331.0	102.0	598.0	477.0	689.0	25.0	91.0	190.0	345.0	230.0	311.0	301.0	201.0	460.0	144.0	224.0	372.0	749.0	326.0	528.0	242.0	245.0	840.0	1124.0	936.0	25.0	80.0	270.0	567.0	558.0	0.0	355.0	239.0	398.0	160.0	255.0	42.0	6.0	33.0	0.0	8.0	0.0	0.0	15.0	13.0	2.0	7.0	5.0	5.0	0.0	3.0	4.0	17.0	31.0	29.0	58.0	28.0	112.0	80.0	112.0	260.0	84.0	37.0	92.0	44.0	0.0	0.0	0.0	0.0	0.0	0.0	0.0	3.0	0.0	11.0	273.0	122.0	315.0	151.0	375.0	244.0	211.0	224.0	317.0	339.0	8.0	0.0	7.0	4.0	0.0	0.0	3.0	0.0	3.0	6.0
Pseudoscardovia	3420.0	5060.0	6215.0	4866.0	4716.0	14069.0	4320.0	4606.0	6474.0	5336.0	4776.0	13759.0	2199.0	2377.0	13011.0	2775.0	0.0	0.0	7557.0	3386.0	1101.0	722.0	641.0	562.0	466.0	298.0	183.0	630.0	277.0	521.0	760.0	723.0	590.0	910.0	606.0	1161.0	734.0	453.0	858.0	368.0	832.0	805.0	546.0	890.0	297.0	173.0	296.0	751.0	463.0	453.0	869.0	1048.0	887.0	816.0	2276.0	0.0	865.0	633.0	624.0	433.0	4630.0	5478.0	4654.0	14630.0	4777.0	9110.0	6033.0	4502.0	3940.0	4539.0	4786.0	12766.0	3333.0	5757.0	5608.0	5944.0	4027.0	8598.0	3600.0	5120.0	718.0	854.0	791.0	999.0	730.0	1662.0	483.0	702.0	584.0	265.0	282.0	154.0	438.0	395.0	142.0	203.0	254.0	847.0	0.0	349.0	1167.0	1251.0	926.0	843.0	1026.0	1010.0	574.0	1085.0	633.0	525.0	946.0	883.0	912.0	811.0	811.0	1001.0	597.0	555.0	597.0	606.0
Olsenella	191.0	702.0	314.0	758.0	488.0	700.0	351.0	631.0	642.0	532.0	568.0	571.0	218.0	487.0	1235.0	523.0	0.0	0.0	495.0	574.0	64.0	96.0	28.0	55.0	55.0	22.0	5.0	30.0	29.0	51.0	111.0	96.0	102.0	79.0	231.0	97.0	133.0	33.0	129.0	56.0	193.0	152.0	103.0	142.0	93.0	61.0	31.0	121.0	38.0	86.0	218.0	220.0	216.0	149.0	555.0	0.0	224.0	157.0	270.0	143.0	229.0	543.0	215.0	356.0	283.0	1088.0	350.0	790.0	360.0	438.0	274.0	693.0	221.0	607.0	190.0	244.0	311.0	802.0	261.0	622.0	0.0	11.0	19.0	14.0	8.0	7.0	16.0	16.0	17.0	19.0	25.0	65.0	74.0	54.0	55.0	86.0	47.0	157.0	0.0	162.0	42.0	37.0	50.0	34.0	83.0	52.0	54.0	39.0	57.0	34.0	80.0	117.0	133.0	114.0	187.0	259.0	96.0	80.0	225.0	226.0
uncl(F082)	903.0	1082.0	727.0	1252.0	427.0	253.0	208.0	469.0	143.0	276.0	250.0	111.0	807.0	1333.0	959.0	1268.0	0.0	0.0	200.0	888.0	4056.0	3686.0	1344.0	2132.0	2151.0	1915.0	2735.0	2371.0	2918.0	2550.0	7371.0	3688.0	4294.0	1225.0	2958.0	2774.0	3148.0	1380.0	5768.0	4893.0	5145.0	4849.0	3700.0	3825.0	3406.0	2400.0	5626.0	5894.0	4316.0	3519.0	4342.0	4016.0	3510.0	1082.0	5835.0	0.0	3944.0	2637.0	3576.0	3372.0	437.0	371.0	588.0	286.0	402.0	197.0	523.0	254.0	188.0	155.0	580.0	97.0	710.0	150.0	459.0	382.0	264.0	309.0	402.0	273.0	7428.0	4974.0	4540.0	4650.0	3405.0	7017.0	9356.0	8828.0	5270.0	4173.0	4534.0	5637.0	2780.0	4350.0	4511.0	4003.0	4882.0	8264.0	0.0	4583.0	7078.0	3776.0	2934.0	3476.0	3131.0	2944.0	4505.0	4912.0	5114.0	3878.0	3722.0	4892.0	3237.0	3557.0	2997.0	2957.0	3220.0	3391.0	2547.0	2792.0
Muribaculaceae	217.0	827.0	433.0	769.0	220.0	238.0	330.0	539.0	106.0	506.0	203.0	98.0	59.0	268.0	415.0	440.0	0.0	0.0	48.0	217.0	153.0	187.0	57.0	398.0	111.0	93.0	58.0	127.0	42.0	87.0	226.0	337.0	178.0	506.0	154.0	101.0	63.0	137.0	39.0	87.0	284.0	191.0	277.0	399.0	142.0	161.0	157.0	397.0	103.0	294.0	279.0	399.0	226.0	313.0	353.0	0.0	109.0	229.0	74.0	119.0	153.0	466.0	148.0	200.0	163.0	195.0	293.0	328.0	108.0	73.0	103.0	145.0	88.0	223.0	124.0	162.0	122.0	164.0	85.0	246.0	84.0	98.0	102.0	209.0	78.0	313.0	165.0	261.0	125.0	332.0	179.0	257.0	206.0	348.0	153.0	251.0	92.0	571.0	0.0	149.0	115.0	139.0	81.0	149.0	140.0	157.0	117.0	150.0	206.0	312.0	190.0	171.0	133.0	262.0	107.0	176.0	57.0	137.0	173.0	131.0
Prevotella	2103.0	1160.0	1594.0	1079.0	1276.0	243.0	707.0	680.0	749.0	525.0	1944.0	193.0	1924.0	1497.0	999.0	1212.0	0.0	0.0	353.0	1156.0	1412.0	1678.0	1010.0	1215.0	2305.0	2082.0	1672.0	1390.0	1999.0	1725.0	2914.0	2028.0	1622.0	1564.0	1356.0	1712.0	2033.0	2144.0	3108.0	4114.0	1782.0	2327.0	2565.0	1973.0	3269.0	1946.0	3800.0	3201.0	2890.0	2441.0	1639.0	1792.0	1450.0	1278.0	3065.0	0.0	2369.0	2226.0	2070.0	2243.0	1127.0	690.0	1709.0	534.0	1452.0	253.0	1214.0	406.0	582.0	336.0	1157.0	282.0	1483.0	183.0	1398.0	392.0	672.0	384.0	1358.0	414.0	2413.0	2296.0	2807.0	2842.0	2757.0	5347.0	4179.0	3709.0	3190.0	3334.0	2598.0	1975.0	1969.0	2698.0	2545.0	1748.0	2499.0	5220.0	0.0	3074.0	2565.0	2797.0	1810.0	2124.0	2245.0	2274.0	1856.0	2314.0	3193.0	2764.0	2301.0	1833.0	1424.0	1749.0	1500.0	1338.0	1594.0	1671.0	1709.0	1754.0
Prevotella_7	2492.0	1652.0	1866.0	2010.0	1919.0	578.0	1879.0	1230.0	987.0	765.0	1249.0	276.0	1325.0	1524.0	2012.0	1060.0	0.0	0.0	422.0	982.0	281.0	287.0	216.0	226.0	390.0	267.0	206.0	383.0	686.0	332.0	1335.0	496.0	728.0	1017.0	561.0	797.0	980.0	358.0	1180.0	743.0	572.0	459.0	452.0	377.0	524.0	238.0	485.0	608.0	741.0	474.0	778.0	542.0	711.0	829.0	1545.0	0.0	852.0	440.0	743.0	444.0	648.0	1208.0	913.0	991.0	879.0	1380.0	1082.0	1032.0	1017.0	894.0	1228.0	1524.0	740.0	974.0	784.0	879.0	946.0	1629.0	1007.0	1455.0	179.0	195.0	277.0	216.0	400.0	860.0	247.0	484.0	393.0	172.0	56.0	55.0	114.0	138.0	227.0	197.0	82.0	415.0	0.0	349.0	401.0	370.0	356.0	236.0	533.0	513.0	248.0	390.0	548.0	264.0	158.0	181.0	199.0	149.0	299.0	328.0	128.0	119.0	192.0	376.0
Prevotellaceae_uncl(UCG-001)	24.0	18.0	20.0	38.0	9.0	12.0	7.0	0.0	51.0	32.0	118.0	23.0	51.0	31.0	73.0	67.0	0.0	0.0	60.0	145.0	23.0	18.0	103.0	135.0	357.0	224.0	50.0	44.0	80.0	133.0	45.0	15.0	53.0	6.0	136.0	154.0	33.0	80.0	128.0	199.0	17.0	8.0	187.0	150.0	422.0	220.0	140.0	90.0	170.0	159.0	36.0	9.0	36.0	9.0	342.0	0.0	46.0	68.0	58.0	121.0	30.0	39.0	16.0	3.0	34.0	14.0	36.0	8.0	18.0	51.0	74.0	37.0	17.0	11.0	26.0	10.0	18.0	8.0	30.0	21.0	55.0	69.0	220.0	222.0	387.0	587.0	159.0	130.0	179.0	180.0	79.0	113.0	191.0	245.0	321.0	249.0	110.0	423.0	0.0	232.0	35.0	45.0	136.0	157.0	265.0	245.0	51.0	95.0	237.0	210.0	62.0	85.0	103.0	141.0	150.0	209.0	55.0	44.0	127.0	139.0
Prevotellaceae_uncl(UCG-003)	5.0	18.0	19.0	25.0	0.0	5.0	5.0	19.0	0.0	11.0	8.0	0.0	14.0	15.0	5.0	29.0	0.0	0.0	4.0	7.0	219.0	179.0	64.0	90.0	132.0	107.0	163.0	131.0	110.0	125.0	129.0	313.0	147.0	171.0	56.0	94.0	236.0	127.0	259.0	304.0	136.0	140.0	162.0	81.0	183.0	116.0	323.0	101.0	223.0	222.0	74.0	187.0	87.0	79.0	111.0	0.0	192.0	116.0	78.0	171.0	0.0	0.0	4.0	3.0	0.0	4.0	21.0	0.0	0.0	0.0	10.0	0.0	12.0	0.0	9.0	0.0	0.0	2.0	13.0	0.0	398.0	336.0	277.0	380.0	311.0	484.0	847.0	590.0	473.0	404.0	291.0	257.0	345.0	531.0	360.0	214.0	358.0	621.0	0.0	312.0	377.0	260.0	197.0	227.0	236.0	196.0	367.0	333.0	432.0	349.0	270.0	192.0	231.0	258.0	171.0	114.0	265.0	183.0	200.0	199.0
Prevotellaceae_uncl(YAB2003)	1169.0	401.0	1125.0	777.0	2051.0	11.0	988.0	369.0	389.0	36.0	1660.0	13.0	1214.0	675.0	711.0	1099.0	0.0	0.0	76.0	957.0	105.0	83.0	89.0	110.0	95.0	122.0	54.0	98.0	276.0	202.0	115.0	118.0	215.0	244.0	217.0	181.0	109.0	281.0	415.0	280.0	110.0	274.0	244.0	234.0	253.0	253.0	224.0	445.0	300.0	374.0	152.0	310.0	283.0	455.0	748.0	0.0	200.0	360.0	420.0	414.0	1147.0	714.0	1429.0	325.0	1661.0	333.0	1434.0	338.0	728.0	222.0	1014.0	150.0	1068.0	155.0	839.0	288.0	611.0	278.0	822.0	246.0	234.0	160.0	226.0	178.0	173.0	504.0	387.0	382.0	337.0	192.0	60.0	39.0	150.0	114.0	71.0	93.0	61.0	197.0	0.0	148.0	387.0	261.0	264.0	227.0	310.0	244.0	337.0	322.0	551.0	329.0	162.0	149.0	150.0	174.0	139.0	182.0	103.0	104.0	168.0	203.0
Rikenellaceae_uncl(RC9_gut)	491.0	683.0	370.0	984.0	332.0	388.0	383.0	493.0	316.0	1402.0	487.0	290.0	453.0	798.0	948.0	727.0	0.0	0.0	363.0	551.0	1127.0	1338.0	742.0	1122.0	1388.0	1800.0	1469.0	931.0	1196.0	1230.0	3394.0	1553.0	2818.0	1754.0	2192.0	2167.0	1769.0	1917.0	2736.0	3048.0	1743.0	2019.0	2176.0	1857.0	1827.0	1837.0	3223.0	2535.0	1970.0	1645.0	1851.0	1414.0	2336.0	1612.0	4996.0	0.0	2030.0	2262.0	1637.0	1857.0	289.0	385.0	274.0	201.0	377.0	211.0	422.0	357.0	109.0	156.0	231.0	184.0	415.0	138.0	282.0	131.0	117.0	246.0	206.0	346.0	1870.0	2180.0	1850.0	2395.0	2034.0	4636.0	3220.0	2394.0	1857.0	2107.0	2281.0	2215.0	2559.0	3911.0	4215.0	3388.0	2613.0	5033.0	0.0	2932.0	1875.0	2180.0	1264.0	1871.0	1839.0	1671.0	1333.0	1288.0	1715.0	1516.0	1968.0	1933.0	1977.0	2493.0	2222.0	2481.0	1646.0	1699.0	1502.0	1500.0
Bacteroidales_uncl	27.0	42.0	28.0	18.0	44.0	17.0	14.0	14.0	24.0	49.0	53.0	14.0	66.0	51.0	57.0	51.0	0.0	0.0	24.0	18.0	16.0	11.0	13.0	13.0	35.0	21.0	46.0	13.0	16.0	17.0	322.0	331.0	296.0	169.0	255.0	208.0	282.0	275.0	355.0	281.0	30.0	39.0	25.0	38.0	44.0	20.0	78.0	43.0	57.0	52.0	214.0	195.0	260.0	127.0	540.0	0.0	430.0	300.0	252.0	180.0	27.0	7.0	30.0	10.0	27.0	15.0	49.0	7.0	13.0	13.0	36.0	2.0	24.0	3.0	36.0	0.0	17.0	4.0	25.0	15.0	164.0	113.0	158.0	136.0	182.0	324.0	232.0	236.0	215.0	239.0	368.0	378.0	205.0	367.0	341.0	337.0	209.0	506.0	0.0	208.0	179.0	174.0	102.0	119.0	114.0	146.0	130.0	148.0	221.0	181.0	337.0	354.0	182.0	337.0	225.0	280.0	178.0	170.0	182.0	233.0
Fibrobacter	493.0	280.0	658.0	1403.0	408.0	1099.0	201.0	138.0	370.0	1098.0	276.0	614.0	734.0	929.0	2381.0	1016.0	0.0	0.0	2643.0	250.0	13.0	45.0	44.0	56.0	82.0	188.0	48.0	62.0	21.0	169.0	368.0	120.0	289.0	121.0	167.0	434.0	258.0	265.0	244.0	583.0	71.0	47.0	65.0	94.0	86.0	63.0	79.0	95.0	83.0	129.0	270.0	90.0	234.0	214.0	425.0	0.0	235.0	232.0	124.0	265.0	327.0	26.0	219.0	64.0	585.0	53.0	246.0	7.0	88.0	37.0	166.0	17.0	607.0	49.0	205.0	69.0	159.0	27.0	434.0	50.0	20.0	16.0	30.0	54.0	39.0	126.0	62.0	81.0	56.0	40.0	74.0	62.0	187.0	158.0	178.0	211.0	149.0	221.0	0.0	308.0	26.0	36.0	33.0	50.0	69.0	63.0	27.0	33.0	60.0	35.0	56.0	96.0	148.0	122.0	162.0	171.0	90.0	49.0	119.0	158.0
Catenisphaera	57.0	273.0	102.0	163.0	141.0	16.0	70.0	168.0	88.0	23.0	161.0	65.0	77.0	169.0	568.0	164.0	0.0	0.0	37.0	294.0	103.0	33.0	39.0	100.0	67.0	25.0	22.0	58.0	36.0	38.0	48.0	84.0	18.0	39.0	76.0	51.0	66.0	40.0	166.0	19.0	125.0	74.0	101.0	221.0	136.0	77.0	81.0	185.0	143.0	108.0	51.0	62.0	36.0	57.0	215.0	0.0	114.0	82.0	205.0	85.0	871.0	809.0	301.0	422.0	270.0	1519.0	1339.0	1965.0	907.0	1459.0	1013.0	2662.0	642.0	1589.0	820.0	554.0	1517.0	2291.0	289.0	2021.0	14.0	3.0	21.0	62.0	37.0	106.0	28.0	36.0	62.0	57.0	124.0	104.0	269.0	272.0	333.0	351.0	291.0	547.0	0.0	211.0	207.0	52.0	205.0	262.0	316.0	243.0	418.0	144.0	597.0	370.0	330.0	79.0	300.0	346.0	553.0	909.0	263.0	192.0	438.0	431.0
Erysipelotrichaceae_uncl	0.0	4.0	5.0	0.0	5.0	0.0	7.0	0.0	0.0	4.0	0.0	0.0	0.0	0.0	0.0	0.0	0.0	0.0	0.0	0.0	355.0	472.0	108.0	261.0	253.0	207.0	184.0	196.0	121.0	191.0	319.0	261.0	224.0	171.0	89.0	129.0	17.0	141.0	120.0	201.0	303.0	347.0	319.0	290.0	354.0	195.0	510.0	422.0	230.0	237.0	113.0	87.0	154.0	85.0	231.0	0.0	52.0	131.0	52.0	102.0	0.0	0.0	0.0	4.0	4.0	5.0	9.0	2.0	0.0	3.0	0.0	4.0	8.0	0.0	0.0	0.0	0.0	0.0	0.0	0.0	274.0	372.0	232.0	257.0	199.0	438.0	289.0	309.0	215.0	235.0	188.0	218.0	252.0	204.0	365.0	227.0	217.0	431.0	0.0	280.0	217.0	321.0	168.0	162.0	133.0	140.0	134.0	162.0	197.0	183.0	109.0	115.0	88.0	126.0	115.0	95.0	111.0	124.0	66.0	110.0
Izemoplasmatales	411.0	69.0	120.0	272.0	58.0	3.0	141.0	50.0	5.0	0.0	9.0	16.0	301.0	611.0	132.0	720.0	0.0	0.0	8.0	42.0	418.0	226.0	99.0	272.0	327.0	332.0	125.0	133.0	147.0	231.0	1774.0	472.0	1144.0	1094.0	735.0	688.0	829.0	960.0	1601.0	1587.0	475.0	204.0	425.0	477.0	535.0	444.0	450.0	416.0	330.0	312.0	867.0	415.0	790.0	806.0	1049.0	0.0	875.0	878.0	825.0	642.0	112.0	3.0	68.0	23.0	114.0	10.0	46.0	0.0	13.0	12.0	26.0	3.0	172.0	8.0	38.0	18.0	25.0	11.0	68.0	23.0	302.0	154.0	481.0	670.0	392.0	779.0	662.0	866.0	705.0	357.0	589.0	432.0	734.0	692.0	900.0	1161.0	513.0	1253.0	0.0	1131.0	244.0	109.0	205.0	241.0	256.0	215.0	230.0	375.0	445.0	206.0	307.0	277.0	320.0	384.0	336.0	528.0	327.0	287.0	326.0	443.0
Lactobacillus	10864.0	5104.0	11567.0	9219.0	7354.0	1619.0	6519.0	4827.0	4164.0	8227.0	3416.0	2725.0	5749.0	6369.0	4947.0	8760.0	0.0	0.0	1127.0	3648.0	2318.0	2272.0	1572.0	1945.0	1559.0	1323.0	1383.0	2577.0	1890.0	1781.0	3823.0	2582.0	2380.0	2443.0	2270.0	1875.0	2392.0	1958.0	2902.0	1710.0	1805.0	1362.0	2339.0	2152.0	1383.0	1013.0	2278.0	3190.0	2338.0	1929.0	1947.0	2165.0	1911.0	1784.0	3729.0	0.0	2935.0	2338.0	1926.0	1533.0	4110.0	2526.0	2757.0	8309.0	10289.0	4324.0	4346.0	1159.0	3848.0	2542.0	1647.0	1576.0	6913.0	3041.0	4898.0	3872.0	2944.0	2259.0	7031.0	4379.0	891.0	971.0	2990.0	829.0	1078.0	2443.0	1296.0	2219.0	844.0	367.0	1617.0	1511.0	3195.0	1534.0	1700.0	1489.0	3328.0	3264.0	0.0	2242.0	1779.0	1650.0	2123.0	785.0	693.0	974.0	751.0	1796.0	1464.0	973.0	1709.0	1743.0	1841.0	1141.0	916.0	1020.0	1775.0	1194.0	681.0	1073.0
Limosilactobacillus	5789.0	3713.0	4944.0	5774.0	8366.0	2782.0	8231.0	5538.0	7890.0	3197.0	4967.0	4014.0	4018.0	3723.0	5866.0	4635.0	0.0	0.0	1482.0	5100.0	2095.0	1256.0	267.0	378.0	963.0	565.0	155.0	88.0	139.0	337.0	469.0	2314.0	981.0	2143.0	2110.0	965.0	300.0	589.0	516.0	226.0	1108.0	724.0	298.0	223.0	1413.0	610.0	155.0	61.0	378.0	481.0	1234.0	1625.0	1366.0	2282.0	3336.0	0.0	412.0	1131.0	466.0	416.0	3973.0	3863.0	3577.0	10300.0	11485.0	6119.0	7385.0	3182.0	5386.0	3990.0	3256.0	3661.0	4681.0	2633.0	3555.0	2862.0	3449.0	2632.0	5626.0	3499.0	157.0	223.0	79.0	183.0	517.0	594.0	836.0	179.0	221.0	89.0	630.0	1023.0	613.0	778.0	459.0	876.0	663.0	1548.0	0.0	771.0	463.0	404.0	477.0	322.0	1093.0	763.0	754.0	170.0	785.0	705.0	1378.0	1380.0	961.0	1035.0	1179.0	1373.0	685.0	672.0	515.0	555.0
Streptococcus	866.0	101.0	1759.0	1142.0	1112.0	64.0	1152.0	452.0	416.0	43.0	1263.0	132.0	779.0	539.0	1023.0	842.0	0.0	0.0	198.0	1057.0	262.0	527.0	171.0	333.0	398.0	398.0	459.0	411.0	295.0	376.0	107.0	876.0	431.0	924.0	1167.0	1178.0	350.0	659.0	716.0	940.0	371.0	698.0	470.0	374.0	1063.0	860.0	843.0	877.0	1429.0	777.0	190.0	974.0	567.0	1106.0	2433.0	0.0	830.0	1198.0	757.0	1381.0	724.0	956.0	1340.0	1069.0	2287.0	702.0	896.0	577.0	1525.0	701.0	886.0	552.0	1154.0	272.0	721.0	645.0	948.0	808.0	1065.0	810.0	196.0	140.0	239.0	410.0	520.0	993.0	545.0	477.0	504.0	353.0	211.0	268.0	542.0	298.0	290.0	262.0	117.0	1041.0	0.0	420.0	698.0	730.0	1091.0	831.0	1375.0	983.0	1119.0	503.0	1824.0	2140.0	500.0	521.0	525.0	466.0	626.0	617.0	174.0	391.0	705.0	613.0
Christensenellaceae_uncl(R-7)	101.0	310.0	94.0	200.0	70.0	97.0	36.0	88.0	63.0	185.0	65.0	74.0	122.0	157.0	274.0	148.0	0.0	0.0	132.0	73.0	1102.0	1581.0	263.0	801.0	756.0	787.0	807.0	259.0	281.0	340.0	1256.0	1957.0	936.0	946.0	718.0	405.0	1411.0	1110.0	1367.0	1835.0	1080.0	975.0	1058.0	647.0	858.0	685.0	1896.0	824.0	343.0	606.0	630.0	1046.0	904.0	592.0	1228.0	0.0	1430.0	1079.0	1012.0	877.0	74.0	88.0	113.0	62.0	29.0	72.0	106.0	50.0	24.0	43.0	65.0	101.0	42.0	55.0	93.0	48.0	45.0	83.0	40.0	157.0	2691.0	1906.0	1436.0	1462.0	666.0	1832.0	2342.0	1685.0	1383.0	1558.0	1756.0	2197.0	879.0	1467.0	1791.0	903.0	1524.0	4953.0	0.0	2112.0	1915.0	1575.0	621.0	1107.0	561.0	724.0	713.0	825.0	941.0	852.0	1317.0	1787.0	613.0	796.0	839.0	424.0	842.0	1667.0	969.0	1144.0
Clostridia_uncl(UCG-014)	68.0	20.0	69.0	31.0	84.0	16.0	17.0	0.0	0.0	0.0	0.0	8.0	109.0	33.0	118.0	27.0	0.0	0.0	33.0	45.0	118.0	162.0	6.0	4.0	9.0	27.0	63.0	14.0	23.0	27.0	623.0	429.0	264.0	103.0	101.0	56.0	166.0	143.0	316.0	381.0	118.0	46.0	49.0	14.0	35.0	17.0	147.0	37.0	35.0	31.0	269.0	177.0	161.0	114.0	166.0	0.0	208.0	145.0	159.0	233.0	7.0	3.0	21.0	0.0	0.0	4.0	5.0	0.0	6.0	0.0	0.0	0.0	17.0	0.0	18.0	0.0	0.0	0.0	0.0	8.0	378.0	413.0	259.0	290.0	103.0	397.0	642.0	417.0	271.0	279.0	297.0	156.0	178.0	192.0	208.0	124.0	199.0	577.0	0.0	206.0	349.0	333.0	77.0	127.0	42.0	106.0	176.0	137.0	136.0	144.0	194.0	171.0	91.0	96.0	84.0	69.0	149.0	164.0	104.0	107.0
Clostridia_uncl(vadinBB60)	27.0	0.0	13.0	25.0	0.0	15.0	8.0	0.0	5.0	34.0	0.0	6.0	27.0	38.0	40.0	39.0	0.0	0.0	30.0	0.0	86.0	100.0	65.0	73.0	131.0	211.0	142.0	156.0	149.0	253.0	213.0	45.0	377.0	196.0	200.0	226.0	180.0	190.0	397.0	418.0	122.0	123.0	184.0	170.0	212.0	210.0	233.0	278.0	442.0	172.0	79.0	74.0	224.0	168.0	486.0	0.0	208.0	248.0	223.0	283.0	16.0	0.0	2.0	3.0	15.0	4.0	6.0	0.0	5.0	2.0	5.0	0.0	16.0	0.0	10.0	0.0	0.0	0.0	5.0	2.0	329.0	131.0	239.0	313.0	395.0	776.0	552.0	481.0	338.0	300.0	63.0	46.0	214.0	203.0	212.0	245.0	183.0	332.0	0.0	364.0	209.0	123.0	80.0	200.0	320.0	258.0	156.0	204.0	326.0	208.0	69.0	78.0	139.0	178.0	86.0	139.0	65.0	73.0	142.0	126.0
Pseudoramibacter	89.0	833.0	180.0	766.0	227.0	6.0	184.0	507.0	10.0	0.0	236.0	7.0	54.0	176.0	706.0	479.0	0.0	0.0	5.0	872.0	74.0	68.0	35.0	210.0	41.0	46.0	8.0	89.0	17.0	99.0	266.0	136.0	110.0	137.0	114.0	78.0	80.0	229.0	389.0	41.0	231.0	237.0	258.0	695.0	109.0	108.0	105.0	564.0	117.0	249.0	294.0	254.0	164.0	228.0	330.0	0.0	111.0	406.0	402.0	232.0	539.0	1017.0	675.0	1627.0	98.0	1496.0	589.0	1022.0	413.0	995.0	468.0	1346.0	405.0	1175.0	612.0	1094.0	554.0	1507.0	271.0	1562.0	23.0	26.0	29.0	76.0	34.0	125.0	31.0	86.0	39.0	8.0	125.0	140.0	425.0	71.0	240.0	342.0	250.0	690.0	0.0	338.0	251.0	172.0	277.0	165.0	323.0	169.0	220.0	179.0	283.0	282.0	611.0	583.0	613.0	393.0	696.0	933.0	490.0	426.0	460.0	602.0
Acetitomaculum	221.0	653.0	433.0	480.0	455.0	288.0	90.0	408.0	181.0	148.0	255.0	413.0	41.0	124.0	528.0	232.0	0.0	0.0	133.0	134.0	355.0	528.0	136.0	239.0	168.0	150.0	238.0	82.0	47.0	74.0	226.0	240.0	170.0	87.0	152.0	97.0	92.0	93.0	140.0	147.0	363.0	285.0	289.0	239.0	151.0	129.0	405.0	241.0	112.0	139.0	313.0	319.0	173.0	120.0	315.0	0.0	137.0	137.0	148.0	98.0	86.0	161.0	109.0	164.0	97.0	917.0	306.0	322.0	97.0	287.0	95.0	327.0	30.0	237.0	135.0	112.0	122.0	184.0	24.0	361.0	156.0	234.0	245.0	253.0	175.0	427.0	228.0	250.0	134.0	202.0	148.0	100.0	137.0	215.0	147.0	100.0	143.0	238.0	0.0	158.0	196.0	203.0	143.0	139.0	152.0	153.0	134.0	174.0	112.0	168.0	113.0	107.0	150.0	130.0	57.0	77.0	86.0	72.0	80.0	107.0
Coprococcus	0.0	33.0	38.0	77.0	0.0	0.0	0.0	26.0	0.0	0.0	0.0	3.0	0.0	0.0	0.0	0.0	0.0	0.0	0.0	0.0	19.0	42.0	10.0	62.0	41.0	36.0	20.0	14.0	0.0	8.0	94.0	297.0	0.0	19.0	0.0	6.0	126.0	20.0	0.0	0.0	92.0	56.0	71.0	102.0	65.0	56.0	56.0	72.0	10.0	51.0	45.0	111.0	0.0	12.0	0.0	0.0	68.0	14.0	0.0	13.0	73.0	668.0	190.0	246.0	0.0	173.0	33.0	400.0	0.0	37.0	23.0	312.0	10.0	111.0	75.0	136.0	8.0	55.0	0.0	33.0	154.0	80.0	66.0	47.0	4.0	23.0	134.0	31.0	37.0	22.0	648.0	188.0	639.0	280.0	176.0	116.0	492.0	524.0	0.0	125.0	167.0	96.0	57.0	42.0	31.0	45.0	54.0	33.0	56.0	53.0	562.0	276.0	359.0	179.0	159.0	83.0	254.0	165.0	159.0	104.0
Lachnospiraceae_uncl(NK3A20)	265.0	452.0	487.0	678.0	365.0	493.0	203.0	235.0	315.0	350.0	371.0	290.0	491.0	407.0	1296.0	402.0	0.0	0.0	1077.0	292.0	115.0	132.0	56.0	136.0	176.0	172.0	88.0	109.0	75.0	210.0	184.0	162.0	187.0	128.0	131.0	242.0	192.0	203.0	208.0	328.0	126.0	111.0	195.0	186.0	199.0	100.0	144.0	251.0	142.0	178.0	166.0	171.0	145.0	168.0	381.0	0.0	195.0	176.0	159.0	151.0	197.0	537.0	402.0	1242.0	197.0	288.0	188.0	327.0	119.0	206.0	263.0	339.0	249.0	467.0	175.0	297.0	138.0	228.0	228.0	163.0	88.0	71.0	138.0	149.0	78.0	309.0	156.0	187.0	184.0	114.0	160.0	140.0	104.0	186.0	192.0	124.0	127.0	282.0	0.0	185.0	94.0	113.0	93.0	94.0	138.0	147.0	88.0	123.0	165.0	103.0	138.0	164.0	65.0	137.0	120.0	111.0	70.0	72.0	101.0	112.0
Pseudobutyrivibrio	203.0	29.0	133.0	81.0	648.0	33.0	335.0	34.0	408.0	25.0	870.0	79.0	251.0	37.0	809.0	65.0	0.0	0.0	283.0	66.0	30.0	93.0	38.0	62.0	48.0	25.0	10.0	21.0	35.0	43.0	76.0	64.0	115.0	164.0	78.0	392.0	46.0	80.0	166.0	94.0	33.0	153.0	30.0	58.0	21.0	0.0	20.0	96.0	42.0	67.0	40.0	41.0	65.0	185.0	241.0	0.0	37.0	66.0	94.0	53.0	631.0	65.0	753.0	47.0	983.0	27.0	261.0	46.0	417.0	62.0	746.0	87.0	338.0	16.0	201.0	40.0	183.0	49.0	359.0	91.0	97.0	24.0	26.0	78.0	33.0	74.0	146.0	82.0	77.0	46.0	97.0	34.0	114.0	69.0	74.0	73.0	42.0	136.0	0.0	80.0	63.0	45.0	19.0	15.0	49.0	9.0	14.0	40.0	81.0	55.0	140.0	15.0	67.0	53.0	44.0	58.0	3.0	25.0	42.0	33.0
Shuttleworthia	326.0	72.0	256.0	168.0	404.0	645.0	374.0	93.0	361.0	373.0	312.0	1199.0	315.0	209.0	1384.0	335.0	0.0	0.0	991.0	870.0	132.0	82.0	46.0	57.0	47.0	38.0	27.0	46.0	29.0	52.0	130.0	60.0	82.0	45.0	57.0	54.0	86.0	64.0	148.0	71.0	114.0	147.0	75.0	104.0	92.0	36.0	69.0	93.0	65.0	84.0	62.0	32.0	100.0	71.0	153.0	0.0	101.0	87.0	112.0	82.0	139.0	450.0	157.0	143.0	88.0	28.0	196.0	109.0	117.0	175.0	211.0	256.0	373.0	64.0	245.0	286.0	151.0	364.0	139.0	353.0	8.0	18.0	0.0	7.0	0.0	28.0	17.0	12.0	11.0	8.0	20.0	18.0	5.0	14.0	9.0	49.0	23.0	71.0	0.0	34.0	35.0	41.0	25.0	17.0	23.0	7.0	24.0	25.0	35.0	32.0	42.0	30.0	0.0	28.0	24.0	53.0	20.0	15.0	36.0	30.0
Syntrophococcus	43.0	324.0	78.0	239.0	77.0	17.0	49.0	264.0	17.0	16.0	109.0	41.0	27.0	56.0	278.0	95.0	0.0	0.0	11.0	176.0	62.0	27.0	14.0	23.0	35.0	35.0	18.0	51.0	32.0	42.0	106.0	122.0	36.0	54.0	58.0	54.0	56.0	34.0	80.0	66.0	82.0	99.0	64.0	110.0	54.0	59.0	85.0	123.0	64.0	111.0	75.0	104.0	52.0	69.0	141.0	0.0	76.0	47.0	113.0	62.0	66.0	464.0	104.0	633.0	21.0	416.0	72.0	410.0	52.0	204.0	121.0	476.0	51.0	460.0	124.0	272.0	106.0	280.0	18.0	396.0	97.0	113.0	135.0	123.0	44.0	131.0	160.0	103.0	88.0	64.0	119.0	110.0	140.0	77.0	159.0	97.0	72.0	174.0	0.0	59.0	159.0	195.0	198.0	111.0	126.0	101.0	189.0	125.0	210.0	203.0	135.0	180.0	96.0	110.0	100.0	105.0	72.0	63.0	47.0	65.0
Monoglobus	4.0	0.0	6.0	3.0	0.0	0.0	8.0	4.0	0.0	0.0	11.0	0.0	5.0	11.0	9.0	9.0	0.0	0.0	4.0	5.0	212.0	328.0	45.0	223.0	97.0	106.0	143.0	484.0	212.0	134.0	79.0	292.0	102.0	196.0	115.0	178.0	138.0	261.0	168.0	513.0	126.0	114.0	96.0	139.0	128.0	112.0	264.0	425.0	307.0	99.0	40.0	126.0	44.0	81.0	155.0	0.0	91.0	190.0	58.0	179.0	4.0	18.0	5.0	16.0	6.0	10.0	7.0	4.0	0.0	7.0	0.0	7.0	0.0	0.0	0.0	6.0	5.0	11.0	0.0	9.0	167.0	179.0	258.0	366.0	361.0	657.0	631.0	453.0	457.0	531.0	45.0	12.0	94.0	96.0	86.0	18.0	106.0	110.0	0.0	106.0	116.0	135.0	162.0	134.0	181.0	142.0	226.0	140.0	340.0	213.0	35.0	24.0	77.0	68.0	41.0	9.0	56.0	5.0	45.0	40.0
uncl(NK4A214)	45.0	98.0	8.0	55.0	22.0	7.0	12.0	32.0	0.0	9.0	25.0	10.0	13.0	41.0	28.0	60.0	0.0	0.0	0.0	10.0	321.0	366.0	94.0	228.0	191.0	128.0	117.0	31.0	111.0	124.0	361.0	298.0	267.0	299.0	196.0	178.0	215.0	199.0	299.0	362.0	314.0	211.0	223.0	215.0	225.0	154.0	225.0	232.0	178.0	182.0	180.0	170.0	149.0	122.0	435.0	0.0	255.0	181.0	149.0	176.0	18.0	14.0	0.0	13.0	0.0	6.0	0.0	0.0	0.0	16.0	21.0	5.0	10.0	21.0	13.0	0.0	4.0	4.0	12.0	27.0	281.0	289.0	252.0	256.0	184.0	451.0	280.0	278.0	242.0	207.0	409.0	407.0	276.0	430.0	333.0	286.0	408.0	585.0	0.0	303.0	231.0	158.0	153.0	118.0	133.0	123.0	127.0	164.0	177.0	161.0	201.0	249.0	196.0	165.0	144.0	181.0	176.0	147.0	155.0	168.0
uncl(UCG-010)	42.0	25.0	24.0	60.0	37.0	43.0	17.0	36.0	16.0	65.0	19.0	22.0	39.0	70.0	68.0	94.0	0.0	0.0	37.0	42.0	388.0	266.0	65.0	151.0	135.0	143.0	134.0	126.0	138.0	174.0	742.0	263.0	481.0	524.0	301.0	372.0	193.0	362.0	528.0	487.0	333.0	240.0	213.0	240.0	173.0	158.0	257.0	310.0	274.0	181.0	249.0	185.0	311.0	282.0	593.0	0.0	227.0	258.0	260.0	228.0	20.0	8.0	14.0	4.0	26.0	12.0	17.0	4.0	11.0	7.0	14.0	0.0	13.0	3.0	3.0	8.0	9.0	3.0	11.0	13.0	292.0	233.0	311.0	378.0	380.0	612.0	521.0	448.0	289.0	287.0	219.0	189.0	288.0	286.0	375.0	283.0	198.0	417.0	0.0	282.0	224.0	232.0	166.0	155.0	231.0	220.0	164.0	197.0	307.0	229.0	153.0	151.0	137.0	143.0	150.0	107.0	71.0	112.0	67.0	105.0
uncl(Family_XIII_AD3011)	60.0	139.0	48.0	55.0	58.0	6.0	22.0	55.0	18.0	12.0	48.0	14.0	58.0	80.0	60.0	35.0	0.0	0.0	10.0	82.0	677.0	544.0	125.0	305.0	208.0	98.0	110.0	125.0	143.0	141.0	358.0	257.0	214.0	165.0	176.0	162.0	99.0	121.0	220.0	159.0	394.0	236.0	226.0	205.0	145.0	100.0	203.0	192.0	98.0	132.0	160.0	103.0	145.0	84.0	262.0	0.0	109.0	98.0	135.0	105.0	41.0	66.0	60.0	3.0	70.0	23.0	49.0	54.0	24.0	31.0	70.0	86.0	60.0	18.0	23.0	25.0	20.0	33.0	19.0	86.0	211.0	210.0	213.0	214.0	206.0	482.0	296.0	320.0	230.0	159.0	213.0	250.0	192.0	227.0	220.0	172.0	184.0	423.0	0.0	198.0	135.0	158.0	87.0	108.0	142.0	108.0	125.0	130.0	207.0	136.0	156.0	215.0	91.0	103.0	98.0	88.0	96.0	109.0	76.0	79.0
Eubacterium_nodatum	33.0	482.0	93.0	380.0	144.0	83.0	79.0	502.0	15.0	34.0	226.0	123.0	22.0	109.0	384.0	262.0	0.0	0.0	0.0	296.0	118.0	71.0	22.0	51.0	40.0	13.0	20.0	35.0	27.0	41.0	106.0	72.0	68.0	48.0	61.0	59.0	40.0	30.0	93.0	76.0	158.0	96.0	91.0	191.0	65.0	65.0	66.0	157.0	84.0	90.0	96.0	94.0	95.0	74.0	243.0	0.0	87.0	76.0	88.0	64.0	652.0	1113.0	457.0	1219.0	58.0	839.0	582.0	1315.0	377.0	601.0	436.0	1699.0	171.0	885.0	445.0	625.0	444.0	781.0	100.0	889.0	63.0	54.0	77.0	106.0	99.0	158.0	126.0	102.0	88.0	36.0	57.0	55.0	79.0	48.0	71.0	68.0	78.0	121.0	0.0	77.0	218.0	208.0	164.0	156.0	221.0	109.0	200.0	190.0	243.0	162.0	161.0	149.0	107.0	120.0	107.0	133.0	80.0	83.0	67.0	67.0
Succiniclasticum	37.0	127.0	76.0	62.0	64.0	43.0	16.0	48.0	29.0	50.0	81.0	21.0	59.0	27.0	254.0	71.0	0.0	0.0	141.0	60.0	356.0	347.0	160.0	259.0	181.0	151.0	173.0	255.0	286.0	307.0	442.0	335.0	222.0	214.0	184.0	197.0	177.0	305.0	378.0	388.0	351.0	295.0	200.0	237.0	171.0	117.0	330.0	420.0	371.0	238.0	202.0	181.0	152.0	130.0	294.0	0.0	182.0	261.0	192.0	194.0	64.0	93.0	123.0	30.0	27.0	43.0	53.0	37.0	16.0	25.0	30.0	39.0	50.0	55.0	58.0	42.0	48.0	52.0	28.0	131.0	332.0	296.0	293.0	259.0	255.0	525.0	528.0	399.0	333.0	275.0	475.0	340.0	288.0	374.0	290.0	190.0	349.0	540.0	0.0	232.0	269.0	221.0	152.0	169.0	134.0	158.0	277.0	244.0	357.0	272.0	300.0	307.0	160.0	222.0	132.0	131.0	214.0	182.0	119.0	219.0
Selenomonas	413.0	436.0	527.0	288.0	302.0	12.0	545.0	120.0	116.0	12.0	320.0	37.0	340.0	211.0	91.0	233.0	0.0	0.0	16.0	266.0	76.0	14.0	10.0	21.0	71.0	49.0	21.0	22.0	72.0	95.0	94.0	101.0	76.0	54.0	126.0	121.0	91.0	83.0	149.0	182.0	78.0	63.0	34.0	105.0	106.0	84.0	40.0	116.0	89.0	115.0	72.0	70.0	99.0	103.0	265.0	0.0	47.0	47.0	77.0	115.0	72.0	34.0	193.0	25.0	264.0	42.0	191.0	20.0	176.0	55.0	244.0	6.0	277.0	33.0	147.0	41.0	171.0	95.0	455.0	137.0	57.0	27.0	43.0	45.0	143.0	238.0	94.0	93.0	76.0	20.0	16.0	9.0	50.0	56.0	61.0	56.0	12.0	64.0	0.0	106.0	36.0	25.0	6.0	70.0	167.0	114.0	75.0	73.0	94.0	40.0	43.0	10.0	39.0	76.0	67.0	37.0	37.0	28.0	62.0	40.0
Dialister	482.0	749.0	433.0	775.0	574.0	5.0	444.0	526.0	37.0	4.0	715.0	28.0	313.0	431.0	565.0	431.0	0.0	0.0	17.0	590.0	194.0	88.0	56.0	66.0	108.0	69.0	45.0	129.0	114.0	94.0	247.0	252.0	105.0	174.0	143.0	258.0	211.0	150.0	208.0	242.0	109.0	124.0	106.0	194.0	173.0	67.0	112.0	250.0	236.0	133.0	173.0	220.0	115.0	209.0	513.0	0.0	240.0	223.0	185.0	214.0	395.0	756.0	535.0	587.0	568.0	726.0	680.0	694.0	477.0	391.0	349.0	408.0	281.0	519.0	405.0	512.0	320.0	609.0	290.0	625.0	105.0	116.0	153.0	164.0	231.0	371.0	178.0	200.0	196.0	100.0	80.0	49.0	114.0	107.0	74.0	60.0	58.0	133.0	0.0	95.0	194.0	183.0	196.0	98.0	175.0	182.0	150.0	165.0	330.0	143.0	135.0	127.0	117.0	150.0	68.0	130.0	64.0	71.0	88.0	101.0
Megasphaera	304.0	1890.0	1839.0	2220.0	1341.0	16.0	538.0	1046.0	9.0	0.0	976.0	105.0	417.0	319.0	469.0	442.0	0.0	0.0	17.0	1317.0	105.0	96.0	46.0	17.0	258.0	115.0	42.0	71.0	112.0	101.0	156.0	217.0	148.0	234.0	1567.0	640.0	459.0	144.0	953.0	1229.0	522.0	614.0	356.0	15.0	541.0	309.0	289.0	278.0	252.0	490.0	1029.0	1641.0	1257.0	613.0	2768.0	0.0	1011.0	829.0	1230.0	1236.0	0.0	42.0	0.0	25.0	3.0	0.0	0.0	40.0	10.0	0.0	0.0	54.0	5.0	0.0	0.0	0.0	0.0	32.0	0.0	0.0	0.0	0.0	0.0	0.0	0.0	0.0	0.0	0.0	0.0	0.0	0.0	0.0	0.0	0.0	0.0	0.0	0.0	0.0	0.0	15.0	0.0	0.0	0.0	0.0	29.0	0.0	0.0	0.0	28.0	0.0	0.0	0.0	0.0	0.0	0.0	0.0	0.0	0.0	0.0	0.0
Negativicutes_uncl	0.0	0.0	5.0	0.0	4.0	4.0	8.0	5.0	13.0	4.0	0.0	4.0	4.0	0.0	14.0	7.0	0.0	0.0	3.0	0.0	129.0	6.0	73.0	50.0	142.0	172.0	89.0	166.0	133.0	147.0	269.0	162.0	268.0	152.0	330.0	210.0	171.0	511.0	796.0	740.0	58.0	0.0	100.0	22.0	108.0	118.0	135.0	156.0	277.0	111.0	92.0	140.0	177.0	258.0	566.0	0.0	170.0	416.0	364.0	376.0	0.0	3.0	0.0	0.0	0.0	0.0	0.0	0.0	0.0	0.0	3.0	0.0	0.0	0.0	0.0	0.0	0.0	0.0	3.0	0.0	157.0	137.0	165.0	151.0	166.0	215.0	364.0	110.0	225.0	96.0	269.0	254.0	189.0	245.0	293.0	161.0	173.0	415.0	0.0	338.0	144.0	76.0	91.0	104.0	131.0	56.0	135.0	47.0	155.0	88.0	140.0	134.0	113.0	124.0	108.0	102.0	87.0	82.0	137.0	120.0
Candidatus_Saccharimonas	12.0	35.0	0.0	0.0	0.0	0.0	0.0	5.0	0.0	0.0	2.0	0.0	5.0	57.0	0.0	0.0	0.0	0.0	0.0	0.0	205.0	247.0	20.0	69.0	45.0	39.0	50.0	38.0	23.0	33.0	217.0	110.0	37.0	27.0	9.0	21.0	61.0	35.0	31.0	36.0	205.0	122.0	127.0	128.0	76.0	53.0	119.0	142.0	84.0	53.0	110.0	52.0	22.0	16.0	45.0	0.0	67.0	23.0	18.0	22.0	15.0	0.0	11.0	5.0	14.0	6.0	8.0	0.0	0.0	0.0	0.0	0.0	4.0	4.0	5.0	4.0	6.0	7.0	0.0	11.0	399.0	289.0	288.0	306.0	158.0	252.0	522.0	201.0	76.0	194.0	354.0	287.0	272.0	253.0	205.0	61.0	291.0	688.0	0.0	192.0	355.0	220.0	82.0	133.0	49.0	80.0	114.0	94.0	59.0	65.0	243.0	230.0	178.0	135.0	60.0	41.0	168.0	198.0	142.0	93.0
Rhodospirillales_uncl	66.0	17.0	13.0	43.0	15.0	8.0	6.0	4.0	5.0	12.0	4.0	3.0	150.0	111.0	22.0	45.0	0.0	0.0	2.0	6.0	95.0	108.0	15.0	20.0	37.0	31.0	147.0	16.0	12.0	23.0	507.0	146.0	402.0	117.0	118.0	95.0	388.0	194.0	257.0	316.0	114.0	58.0	68.0	46.0	58.0	41.0	233.0	24.0	46.0	33.0	178.0	51.0	210.0	105.0	159.0	0.0	295.0	119.0	108.0	155.0	16.0	0.0	5.0	0.0	5.0	0.0	16.0	0.0	0.0	0.0	0.0	0.0	35.0	0.0	26.0	0.0	7.0	0.0	23.0	0.0	387.0	258.0	273.0	240.0	215.0	286.0	494.0	505.0	284.0	236.0	262.0	175.0	152.0	231.0	283.0	138.0	359.0	743.0	0.0	363.0	296.0	199.0	98.0	141.0	143.0	96.0	176.0	214.0	206.0	155.0	150.0	125.0	71.0	78.0	69.0	72.0	133.0	184.0	140.0	113.0
Comamonas	0.0	0.0	0.0	0.0	0.0	0.0	0.0	0.0	0.0	0.0	0.0	0.0	0.0	0.0	0.0	0.0	0.0	0.0	0.0	0.0	3.0	9.0	0.0	3.0	0.0	8.0	5.0	0.0	0.0	7.0	0.0	4.0	7.0	0.0	0.0	4.0	2.0	0.0	11.0	9.0	530.0	222.0	1960.0	336.0	185.0	2801.0	540.0	339.0	144.0	292.0	194.0	60.0	92.0	37.0	175.0	0.0	18.0	16.0	8.0	39.0	0.0	0.0	0.0	0.0	0.0	0.0	0.0	0.0	0.0	0.0	0.0	0.0	0.0	0.0	0.0	0.0	0.0	0.0	0.0	0.0	0.0	0.0	3.0	2.0	3.0	5.0	9.0	13.0	7.0	0.0	0.0	0.0	0.0	0.0	20.0	0.0	0.0	6.0	0.0	0.0	58.0	17.0	0.0	20.0	5.0	18.0	7.0	19.0	45.0	31.0	49.0	0.0	0.0	0.0	4.0	0.0	5.0	0.0	5.0	0.0
Ruminobacter	346.0	23.0	117.0	27.0	540.0	76.0	135.0	62.0	611.0	313.0	965.0	146.0	853.0	174.0	900.0	309.0	0.0	0.0	828.0	105.0	25.0	28.0	102.0	87.0	255.0	488.0	169.0	172.0	218.0	409.0	359.0	250.0	633.0	659.0	836.0	1777.0	719.0	954.0	1233.0	1305.0	29.0	72.0	268.0	319.0	523.0	318.0	388.0	349.0	488.0	409.0	172.0	177.0	460.0	1127.0	2996.0	0.0	627.0	561.0	603.0	632.0	332.0	38.0	771.0	22.0	658.0	35.0	743.0	31.0	515.0	53.0	974.0	63.0	325.0	18.0	398.0	47.0	394.0	100.0	603.0	105.0	407.0	309.0	431.0	450.0	864.0	1781.0	713.0	1009.0	769.0	540.0	541.0	549.0	714.0	1306.0	1149.0	938.0	677.0	1400.0	0.0	1554.0	445.0	438.0	300.0	355.0	796.0	570.0	382.0	581.0	1017.0	491.0	417.0	467.0	551.0	891.0	660.0	645.0	334.0	387.0	520.0	668.0
Succinivibrio	75.0	22.0	118.0	117.0	202.0	0.0	233.0	48.0	26.0	6.0	250.0	0.0	108.0	81.0	64.0	204.0	0.0	0.0	12.0	59.0	39.0	0.0	37.0	81.0	114.0	139.0	64.0	102.0	90.0	151.0	56.0	231.0	134.0	283.0	85.0	147.0	124.0	246.0	112.0	187.0	60.0	94.0	130.0	113.0	176.0	148.0	151.0	233.0	224.0	207.0	0.0	219.0	67.0	319.0	235.0	0.0	128.0	220.0	63.0	134.0	660.0	253.0	758.0	151.0	966.0	62.0	512.0	95.0	476.0	142.0	609.0	194.0	828.0	37.0	301.0	94.0	371.0	252.0	386.0	97.0	132.0	82.0	83.0	100.0	163.0	385.0	166.0	256.0	217.0	184.0	343.0	293.0	215.0	294.0	315.0	241.0	263.0	587.0	0.0	526.0	106.0	54.0	68.0	92.0	130.0	163.0	79.0	135.0	183.0	149.0	231.0	160.0	155.0	177.0	197.0	204.0	148.0	122.0	214.0	198.0
Acinetobacter	0.0	0.0	0.0	0.0	0.0	0.0	0.0	0.0	0.0	0.0	0.0	0.0	0.0	0.0	0.0	0.0	0.0	0.0	0.0	0.0	0.0	0.0	0.0	0.0	0.0	0.0	0.0	0.0	0.0	0.0	0.0	0.0	0.0	0.0	0.0	0.0	0.0	0.0	0.0	23.0	2226.0	949.0	2467.0	2220.0	1002.0	1778.0	2525.0	1715.0	369.0	1481.0	466.0	215.0	262.0	402.0	1082.0	0.0	239.0	85.0	214.0	451.0	0.0	0.0	0.0	0.0	0.0	0.0	0.0	0.0	0.0	0.0	0.0	0.0	0.0	0.0	0.0	0.0	0.0	0.0	0.0	0.0	0.0	0.0	2.0	0.0	0.0	0.0	0.0	0.0	0.0	0.0	0.0	0.0	2.0	0.0	0.0	0.0	8.0	0.0	0.0	3.0	884.0	418.0	793.0	379.0	725.0	361.0	653.0	676.0	865.0	1647.0	438.0	859.0	508.0	128.0	655.0	300.0	477.0	550.0	310.0	813.0
Sphaerochaeta	49.0	12.0	0.0	31.0	18.0	23.0	8.0	0.0	9.0	43.0	0.0	0.0	32.0	23.0	63.0	34.0	0.0	0.0	26.0	11.0	35.0	31.0	41.0	48.0	63.0	32.0	30.0	29.0	68.0	39.0	215.0	48.0	322.0	113.0	305.0	220.0	178.0	184.0	467.0	352.0	63.0	47.0	114.0	72.0	121.0	61.0	105.0	79.0	180.0	47.0	179.0	74.0	268.0	189.0	553.0	0.0	223.0	249.0	306.0	157.0	14.0	5.0	8.0	4.0	0.0	0.0	0.0	0.0	0.0	0.0	7.0	0.0	16.0	0.0	14.0	6.0	0.0	4.0	7.0	0.0	150.0	66.0	165.0	259.0	203.0	343.0	440.0	428.0	386.0	286.0	53.0	32.0	134.0	110.0	189.0	232.0	143.0	191.0	0.0	147.0	174.0	115.0	81.0	147.0	153.0	139.0	146.0	224.0	334.0	213.0	42.0	22.0	68.0	58.0	79.0	88.0	25.0	61.0	46.0	27.0
Treponema	3097.0	861.0	1178.0	1761.0	968.0	502.0	987.0	524.0	753.0	458.0	1804.0	364.0	3334.0	1297.0	1871.0	1011.0	0.0	0.0	761.0	726.0	609.0	716.0	824.0	522.0	383.0	683.0	1077.0	1076.0	2085.0	1473.0	1338.0	389.0	1943.0	693.0	1153.0	695.0	1293.0	1255.0	2600.0	1645.0	554.0	501.0	1444.0	615.0	727.0	341.0	1401.0	1111.0	2805.0	1073.0	520.0	304.0	870.0	861.0	1482.0	0.0	798.0	704.0	916.0	810.0	718.0	605.0	528.0	251.0	978.0	122.0	659.0	519.0	548.0	292.0	1892.0	661.0	1234.0	309.0	979.0	316.0	473.0	261.0	1177.0	322.0	515.0	359.0	463.0	321.0	573.0	1626.0	705.0	942.0	832.0	474.0	333.0	247.0	536.0	622.0	1043.0	893.0	689.0	1516.0	0.0	1182.0	379.0	318.0	236.0	198.0	377.0	391.0	171.0	469.0	630.0	263.0	159.0	192.0	317.0	353.0	293.0	393.0	287.0	316.0	476.0	400.0
uncl(WPS-2)	5.0	9.0	0.0	0.0	0.0	0.0	11.0	0.0	3.0	12.0	15.0	7.0	0.0	13.0	32.0	11.0	0.0	0.0	11.0	10.0	49.0	55.0	7.0	16.0	42.0	39.0	34.0	11.0	62.0	4.0	5.0	11.0	5.0	42.0	14.0	113.0	11.0	35.0	19.0	422.0	56.0	35.0	20.0	27.0	39.0	53.0	57.0	38.0	79.0	20.0	6.0	10.0	0.0	16.0	33.0	0.0	10.0	17.0	28.0	95.0	0.0	0.0	0.0	0.0	2.0	0.0	19.0	0.0	0.0	2.0	0.0	0.0	0.0	4.0	6.0	0.0	0.0	0.0	6.0	6.0	182.0	183.0	329.0	497.0	713.0	1468.0	280.0	638.0	470.0	435.0	138.0	205.0	55.0	327.0	279.0	90.0	64.0	91.0	0.0	68.0	144.0	186.0	122.0	205.0	462.0	539.0	90.0	349.0	519.0	175.0	37.0	39.0	11.0	102.0	57.0	0.0	10.0	26.0	13.0	22.0
